title,doi,target
Synthesis of HIV Protease Inhibitor ABT-378 (Lopinavir),10.1021/op990202j,CC1=C(C(=CC=C1)C)OCC(=O)N[C@@H](CC2=CC=CC=C2)[C@H](C[C@H](CC3=CC=CC=C3)NC(=O)[C@H](C(C)C)N4CCCNC4=O)O
Discovery and Development of a Commercial Synthesis of Azafenidin,10.1021/op9901994,C#CCOC1=C(C=C(C(=C1)N2C(=O)N3CCCCC3=N2)Cl)Cl
The Development of a Manufacturable Synthesis of LY213829,10.1021/op990197j,CC(C)(C)C1=CC(=CC(=C1O)C(C)(C)C)CC2C(=O)NCS2
A Concise Asymmetric Synthesis of A β-Lactam-Based Cholesterol Absorption Inhibitor,10.1021/op990196r,C1C=C(O)C=CC=1C1N(C2C=CC(F)=CC=2)C(=O)C1C(O)COC1C=CC(F)=CC=1
Use of Sodium Bromate for Aromatic Bromination:  Research and Development,10.1021/op9901947,C1C=CC(OC2C=CC=C(C=O)C=2)=CC=1
Efficient Synthesis of the Anticancer Drug Etoposide 4‘-Phosphate:  Use of Benzylic Ether-Protecting Groups on the Carbohydrate Segment<sup>1</sup>,10.1021/op990193e,C[C@@H]1OC[C@@H]2[C@@H](O1)[C@@H]([C@H]([C@@H](O2)O[C@H]3[C@H]4COC(=O)[C@@H]4[C@@H](C5=CC6=C(C=C35)OCO6)C7=CC(=C(C(=C7)OC)OP(=O)(O)O)OC)O)O
"Synthesis of a Spiro[cyclohex-1,1‘-isobenzofuranyl] Dopamine Receptor Antagonist",10.1021/op990191u,C1C=CC2C(OCC=2C=1)1CCC(N2CCN(C3C=CC(C#N)=C(F)C=3)CC2)CC1
A Concise Two-Step Synthesis of Thalidomide,10.1021/op980201b,C1C=CC2C(N(C(=O)C=2C=1)C1C(=O)NC(=O)CC1)=O
6-(Trifluoromethyl)pyrid-2-one:  Development and Scale-Up of a Ring Synthesis Route Based on Trifluoroacetic Anhydride,10.1021/op970024z,C1C=C(C(F)(F)F)NC(=O)C=1
Use of a Titanium Thienyl Anion and a Simple Procedure for Introducing a Thiol Group into Thiophene in the Development of a Manufacturing Route to the 5-Lipoxygenase Inhibitor ZD4407,10.1021/op960029g,C[C@H]1C[C@](CCO1)(C2=CSC(=C2)SC3=CC4=C(C=C3)N(C(=O)C4)C)O
<i>In Situ</i> FTIR Study and Scale-Up of An Enolization−Azidation Sequence,10.1021/op900299c,C1C=C(S(NC(C(C(F)(F)F)C2C=C(F)C=C(F)C=2)CO)(=O)=O)SC=1Cl
An Improved Synthetic Route for Preparative Process of Vardenafil,10.1021/op900235p,CCCC1=NC(=C2N1N=C(NC2=O)C3=C(C=CC(=C3)S(=O)(=O)N4CCN(CC4)CC)OCC)C
Comparison of Large-Scale Routes to Manufacture Chiral <i>exo</i>-2-Norbornyl Thiourea,10.1021/op9002328,CC(C)[C@]1(C(=O)NC(=N[C@H]2C[C@@H]3CC[C@H]2C3)S1)C
"Development of a Scalable Synthetic Process for DG-051B, A First-in-Class Inhibitior of LTA4H",10.1021/op900231j,C1C[C@H](N(C1)CCCC(=O)O)COC2=CC=C(C=C2)OC3=CC=C(C=C3)Cl
"Development of a Scalable Synthetic Process for DG-051B, A First-in-Class Inhibitior of LTA4H",10.1021/op900231j,CC(OC(N1C(COC2C=CC(OC3C=CC(Cl)=CC=3)=CC=2)CCC1)=O)(C)C
"An Efficient Large-Scale Synthesis of EDP-420, a First-in-Class Bridged Bicyclic Macrolide (BBM) Antibiotic Drug Candidate",10.1021/op900228u,CC[C@@H]1[C@@]([C@H]2[C@H](C(=NC(=O)C)[C@@H](C[C@]([C@@H]([C@H](C(=O)[C@H](C(=O)O1)C)C)O[C@H]3[C@@H]([C@H](C[C@H](O3)C)N(C)C)O)(OC/C(=N/OCC4=CN=C(C=C4)N5C=CC=N5)/CO2)C)C)C)(C)O
"Preparation of Saxagliptin, a Novel DPP-IV Inhibitor",10.1021/op900226j,C1[C@@H]2C[C@@H]2N([C@@H]1C#N)C(=O)[C@H](C34CC5CC(C3)CC(C5)(C4)O)N
Development of a Practical Biocatalytic Process for (<i>R</i>)-2-Methylpentanol,10.1021/op9002246,CCCC(CO)C
Practical Enantioselective Synthesis of a 3-Aryl-3-trifluoromethyl-2-aminopropanol Derivative,10.1021/op900216v,C1C=C(S(NC(C(C(F)(F)F)C2C=C(F)C=C(F)C=2)CO)(=O)=O)SC=1Cl
A Catalyzed and Highly Selective Ester Reduction in the Synthesis of an<i>N</i>-Acylpyrrolidine: Safe Design through Reaction Calorimetry and Modeling,10.1021/op8001799,CC(CC(C(O)=O)1N(C(C2C=CC(C(C)(C)C)=C(OC)C=2)=O)C(C2SC=CN=2)C(CC(O)=O)C1)C
UnyLinker: An Efficient and Scaleable Synthesis of Oligonucleotides Utilizing a Universal Linker Molecule: A Novel Approach To Enhance the Purity of Drugs,10.1021/op8000178,C1(C=C(OC)C=CC=1)C(OC1C(OC(CCC(O)=O)=O)C2OC1C1C(=O)N(C3C=CC=CC=3)C(=O)C12)(C1C=CC=CC=1)C1C=CC(OC)=CC=1
A Comparison of Commercial Microwave Reactors for Scale-Up within Process Chemistry,10.1021/op700186z,CN(C(SC1C=CC=CC=1)=O)C
A Chemoenzymatic Synthesis of an Androgen Receptor Antagonist,10.1021/op700146c,C1CC(C#N)C(OC2C=C(C(F)(F)F)C(C#N)=CC=2)CC1
A Concise Synthesis of a Novel Insulin-Like Growth Factor I Receptor (IGF-IR) Inhibitor,10.1021/op700052u,C1CN(C1)CC2CC(C2)N3C=C(C4=C(N=CN=C43)N)C5=CC(=CC=C5)OCC6=CC=CC=C6
A Concise Synthesis of a Novel Insulin-Like Growth Factor I Receptor (IGF-IR) Inhibitor,10.1021/op700052u,C1C=CC(COC2C=C(C3C4C(N)=NC=NC=4NC=3)C=CC=2)=CC=1
A Concise Synthesis of a Novel Insulin-Like Growth Factor I Receptor (IGF-IR) Inhibitor,10.1021/op700052u,COC(C1CC(OS(C)(=O)=O)C1)=O
A Concise Synthesis of a Tetrahydropyrazolopyrazine Building Block,10.1021/op300270r,10.1021/op300270r
"A Brief Review on Industrial Alternatives for the Manufacturing of Glycerol Carbonate, a Green Chemical",10.1021/op200369v,C(O)C1OC(=O)OC1
Development of a Continuous Schotten–Baumann Route to an Acyl Sulfonamide,10.1021/op200344a,C1=CC(=C(C=C1Cl)Cl)C(=O)NS(=O)(=O)C2=CC=C(S2)Br
"Process Development and Scale-Up of AZD7545, a PDK Inhibitor",10.1021/op2003419,C[C@@](C(=O)NC1=C(C=C(C=C1)S(=O)(=O)C2=CC=C(C=C2)C(=O)N(C)C)Cl)(C(F)(F)F)O
Development of a Continuous Flow Scale-Up Approach of Reflux Inhibitor AZD6906,10.1021/op200340c,C(N)C(CP(O)=O)=O
"Process Development and Large-Scale Synthesis of MK-6186, a Non-Nucleoside Reverse Transcriptase Inhibitor for the Treatment of HIV",10.1021/op200334x,C1=CC2=C(NN=C2N=C1)CN3C4=C(C=N3)C(=C(C=C4)Cl)OC5=CC(=CC(=C5)C#N)Cl
Kilogram-Lab-Scale Oxindole Synthesis via Palladium-Catalyzed C–H Functionalization,10.1021/op200332p,CNC(C1C=C2CC(N(C3CCN(CC(N4CC5C(CCC5)C4)=O)CC3)C2=CC=1)=O)=O
Selective Continuous Flow Processes Using Fluorine Gas,10.1021/op200331s,C1C=C(C)C=CC=1C(OCC1C=C([N+]([O-])=O)C=C([N+]([O-])=O)C=1)=O
Practical and Scalable Synthesis of S1P<sub>1</sub> Receptor Agonist ACT-209905,10.1021/op200326s,CCC1=C(C(=CC(=C1)C2=NOC(=N2)C3=CC(=NC(=C3)C)N(CC)CC)C)OC[C@H](CNC(=O)CO)O
Practical and Scalable Synthesis of S1P<sub>1</sub> Receptor Agonist ACT-209905,10.1021/op200326s,CCN(C1C=C(C(O)=O)C=C(C)N=1)CC
Practical and Scalable Synthesis of S1P<sub>1</sub> Receptor Agonist ACT-209905,10.1021/op200326s,CCC1C(O)=C(C)C=C(/C(/N)=N/O)C=1
Process Improvements of Prasugrel Hydrochloride: An Adenosine Diphosphate Receptor Antagonist,10.1021/op200325u,CC(=O)OC1=CC2=C(S1)CCN(C2)C(C3=CC=CC=C3F)C(=O)C4CC4
Use of an Iridium-Catalyzed Redox-Neutral Alcohol-Amine Coupling on Kilogram Scale for the Synthesis of a GlyT1 Inhibitor,10.1021/op200174k,CN1C[C@@H]2[C@H](C1)C2CN(CC3=CC(=C(C=C3)F)Cl)C(=O)C4=CN(C=N4)C
A Commercial Continuous Flow Microwave Reactor Evaluated for Scale-Up,10.1021/op100082w,CC1(OC2C3C(C=CC=2C1)=CC=CC=3)C
"<i>N</i>,<i>N</i>-Diethyl-(<i>R</i>)-[3-(2-aminopropyl)-1<i>H</i>-indol-7-yloxy]acetamide:  Its Process Chemistry Ranging from Enantiocontrolled Construction of the Chiral Amine Side Chain to Regioselective Functionalization of the Aromatic Starting Materials",10.1021/op060210h,C1C=C(O)C2NC=CC=2C=1
"<i>N</i>,<i>N</i>-Diethyl-(<i>R</i>)-[3-(2-aminopropyl)-1<i>H</i>-indol-7-yloxy]acetamide:  Its Process Chemistry Ranging from Enantiocontrolled Construction of the Chiral Amine Side Chain to Regioselective Functionalization of the Aromatic Starting Materials",10.1021/op060210h,CC(N)CC1C2C=CC=C(OCC3C=CC=CC=3)C=2NC=1
"<i>N</i>,<i>N</i>-Diethyl-(<i>R</i>)-[3-(2-aminopropyl)-1<i>H</i>-indol-7-yloxy]acetamide:  Its Process Chemistry Ranging from Enantiocontrolled Construction of the Chiral Amine Side Chain to Regioselective Functionalization of the Aromatic Starting Materials",10.1021/op060210h,CC1C([N+]([O-])=O)=C(O)C=CC=1
"<i>N</i>,<i>N</i>-Diethyl-(<i>R</i>)-[3-(2-aminopropyl)-1<i>H</i>-indol-7-yloxy]acetamide:  Its Process Chemistry Ranging from Enantiocontrolled Construction of the Chiral Amine Side Chain to Regioselective Functionalization of the Aromatic Starting Materials",10.1021/op060210h,CCN(C(COC1C2NC=C(CC(N)=C)C=2C=CC=1)=O)CC
"A Concise Synthesis of Racemic 1-(6,7-Dimethoxy-2-naphthyl)-1-(1<i>H</i>-imidazol-4-yl)-2-methylpropan-1-ol for a Potent C<sub>17</sub>,<sub>20</sub>-Lyase Inhibitor",10.1021/op060171+,CC(C(O)(C1N=CNC=1)C1C=CC2C=C(OC)C=CC=2C=1)C
Upscaling the Solid-Phase Synthesis of a Tetrahydrocarbazole in Chemical Development,10.1021/op0502607,CC(C(NC(C(NC(NCCC1C=CC=CC=1)=O)1CC2C3C=CC=CC=3NC=2CC1)=O)C(N)=O)C
"Use of DOE for Rapid Development of a Red-Al Reduction Process for the Synthesis of 3,4-Isopropylidenedioxypyrrolidine Hydrotosylate",10.1021/op040204q,CC1(OC2C(CNC2)O1)C
"3,4,5-Tri-dodecyloxybenzoic Acid:  Optimisation and Scale-Up of the Synthesis",10.1021/op000066e,CCCCCCCCCCOC1C(OCCCCCCCCCC)=C(OCCCCCCCCCC)C=C(C(O)=O)C=1
"<i>N</i>(π)-2-Naphthylmethoxymethyl-Protected Histidines: Scalable, Racemization-Free Building Blocks for Peptide Synthesis",10.1021/acs.oprd.9b00538,CC(OC(NC(C(O)=O)CC1N(COCC2C=CC3C=CC=CC=3C=2)C=NC=1)=O)(C)C
A Concise and Efficient Synthesis of Dapagliflozin,10.1021/acs.oprd.9b00141,CCOC1=CC=C(C=C1)CC2=C(C=CC(=C2)[C@H]3[C@@H]([C@H]([C@@H]([C@H](O3)CO)O)O)O)Cl
A Combined High-Throughput Screening and Reaction Profiling Approach toward Development of a Tandem Catalytic Hydrogenation for the Synthesis of Salbutamol,10.1021/acs.oprd.7b00261,CC(C)(C)NCC(C1=CC(=C(C=C1)O)CO)O
(Chloromethyl)dimethylchlorosilane–KF: A Two-Step Solution to the Selectivity Problem in the Methylation of a Pyrimidone Intermediate en Route to Raltegravir,10.1021/acs.oprd.7b00171,CC1=NN=C(O1)C(=O)NC(C)(C)C2=NC(=C(C(=O)N2C)O)C(=O)NCC3=CC=C(C=C3)F
A Chemoenzymatic Route to Chiral Intermediates Used in the Multikilogram Synthesis of a Gamma Secretase Inhibitor,10.1021/acs.oprd.7b00096,CCCC(NC1CC2C(=CC(F)=CC=2F)CC1)C(NC1N=CN(C(CNCC(C)(C)C)(C)C)C=1)=O
A Chlorine Gas-Free Synthesis of Dichloroglyoxime,10.1021/acs.oprd.6b00252,C(=N\\O)(\\Cl)/C(=N/O)/Cl
"Kinetic Research of <i>O</i>,<i>O</i>′-Dibenzoyltartaric Anhydride Synthesis: Tartaric Acid and Its <i>O-</i>Acyl Derivatives. Part 12",10.1021/acs.oprd.6b00147,C(C1C=CC=CC=1)(OC1C(=O)OC(=O)C1OC(C1C=CC=CC=1)=O)=O
"Development of an Enantioselective Novozym 435 Mediated Acetylation for the Preparation of (1<i>S</i>,3<i>R</i>)-3-Acetamidocyclohexane-1-carboxylic Acid",10.1021/acs.oprd.6b00146,CC(NC1CC(C(O)=O)CCC1)=O
"A Scalable Synthesis of 2-(1,2,4-Oxadiazol-3-yl)propan-2-amine Hydrobromide Using a Process Safety-Driven Protecting Group Strategy",10.1021/acs.oprd.6b00145,CC(N)(C1N=CON=1)C
Enabling the Scale-Up of a Key Asymmetric Hydrogenation Step in the Synthesis of an API Using Continuous Flow Solid-Supported Catalysis,10.1021/acs.oprd.6b00143,CC(NC(C)=O)C1N=CC(F)=CN=1
Concise Cu (I) Catalyzed Synthesis of Substituted Benzofurans via a Tandem SNAr/C–O Coupling Process,10.1021/acs.oprd.6b00141,CNC(C1C2C(=CC(N(S(C)(=O)=O)C)=C(Br)C=2)OC=1C1C=CC(F)=CC=1)=O
Two Approaches to the Chemical Development and Large-Scale Preparation of a Pyrimidyl Tetrazole Intermediate,10.1021/acs.oprd.6b00136,C1C(C(O)=O)C2C=NC(N3N=NN=C3)=NC=2C1
A Biocatalytic Route to the Novel Antiepileptic Drug Brivaracetam,10.1021/acs.oprd.6b00094,CCC[C@@H]1CC(=O)N(C1)[C@@H](CC)C(=O)N
A Chemoenzymatic Synthesis of STING Agonist MK-2118,10.1021/acs.oprd.5c00448,C[C@@H](CC(=O)C1=CC2=CC(=C(C=C2S1)OC)OC)C(=O)O
A Concise Process to Lenacapavir Sodium: Demonstration of One-Pot Sequential Heck/Suzuki-Miyaura Couplings in Lenacapavir API Synthesis,10.1021/acs.oprd.5c00443,CC(S(C)(=O)=O)(C#CC1C=CC(C2C=CC(Cl)=C3C(NS(C)(=O)=O)=NN(CC(F)(F)F)C=23)=C([C@@H](NC(CN2N=C(C(F)(F)F)C3[C@@H]4[C@H](C(F)(F)C2=3)C4)=O)CC2C=C(F)C=C(F)C=2)N=1)C
A Concise Flow Synthesis of the IKZF2 Glue Degrader DKY709,10.1021/acs.oprd.4c00476,C1CC(=O)NC(=O)C1N2CC3=C(C2=O)C=CC(=C3)C4CCN(CC4)CC5=CC=CC=C5
A Chiral Pool Strategy for the Synthesis of a SMARCA2 Degrading PROTAC,10.1021/acs.oprd.4c00048,X
"1,2,3-Triazole Synthesis: Development of Safe and Effective Batch and Continuous Manufacturing Processes",10.1021/acs.oprd.4c00020,C1N=NNC=1
Scale-Up Synthesis of 1-Methyladamantane and Its Functionalization as a Key Point for Promising Antiviral Agents,10.1021/acs.oprd.2c00305,CC12CC(C(NC3CCC(N)CC3)=O)3CC(CC(C4C=CC=CC=4)(C3)C1)C2
Development of Commercial Manufacturing Processes for Acalabrutinib,10.1021/acs.oprd.2c00304,CC#CC(=O)N1CCC[C@H]1C2=NC(=C3N2C=CN=C3N)C4=CC=C(C=C4)C(=O)NC5=CC=CC=N5
Early Process Development and Scale-Up of Orally Active Apomorphine Drug Candidates,10.1021/acs.oprd.2c00297,Oc1c(Cl)cc(Cl)cc1S(=O)(=O)N(Cc1ccc(F)cc1)Cc1ccc(cc1)C(=O)N1CCCCC1
Toward the Development of a Manufacturing Process for the Insecticide Tyclopyrazoflor. Part I. Evaluation of Strategies using Ullmann Coupling of Pyrazole Derivatives,10.1021/acs.oprd.2c00296,CCN(C1=CN(N=C1Cl)C2=CN=CC=C2)C(=O)CCSCCC(F)(F)F
"Process Research for ZG1077, a KRAS G12C Inhibitor",10.1021/acs.oprd.2c00284,C[C@@H]1CN([C@H](CN1C(=O)C=C)C)C2=NC(=O)N(C3=NC(=C(C=C32)F)C4=C(C=CC=C4F)O)C5=C(C=CC=C5S(=O)(=O)C)C6CCC6
Commercially Viable Synthesis of Medetomidine Using a Classical Approach to the Imidazole Ring Formation,10.1021/acs.oprd.2c00273,CC1=C(C(=CC=C1)C(C)C2=CN=CN2)C
Commercially Viable Synthesis of Medetomidine Using a Classical Approach to the Imidazole Ring Formation,10.1021/acs.oprd.2c00273,CC1C(C)=C(Br)C=CC=1C(C1N=CNC=1)C
Commercially Viable Synthesis of Medetomidine Using a Classical Approach to the Imidazole Ring Formation,10.1021/acs.oprd.2c00273,CC1C(C)=C(C(C(CBr)=O)C)C=CC=1
Pd-Catalyzed Cyanation of a Bromoaryl Carboxylate En Route to Etrumadenant: Robust Process with Low Catalyst Loading Enabled by Preactivation,10.1021/acs.oprd.2c00272,CC1=C(C=CC=C1C2=CC(=NC(=N2)N)C3=CN(N=N3)CC4=NC(=CC=C4)C(C)(C)O)C#N
Enantioselective Synthesis of <i>trans</i>-Disubstituted Cyclopropyltrifluoroborate Building Blocks through Ru-Catalyzed Cyclopropanation,10.1021/acs.oprd.2c00265,C1C=C(C2C(CO)C2)C=NC=1
"Large-Scale Synthesis of Chiral Tetrahydropyran via Asymmetric Allylation Catalyzed by (<i>S</i>)-3,3′-Cl<sub>2</sub>-BINOL",10.1021/acs.oprd.2c00258,C(C)1C2N(C(C3C=C(C(O)4COCCC4)C=CC=3Cl)=NN=2)C2N=CC=CC=2N=1
"Safer and Convenient Synthesis of 3,4-Bis(4-nitro-1,2,5-oxadiazol-3-yl)-1,2,5-oxadiazole-2-oxide (BNFF/DNTF)",10.1021/acs.oprd.2c00250,C(C1C([N+]([O-])=O)=NON=1)1C(C2C([N+]([O-])=O)=NON=2)=[N+]([O-])ON=1
"Development of a Commercial Manufacturing Process for Sotorasib, a First-in-Class KRAS<sup>G12C</sup> Inhibitor",10.1021/acs.oprd.2c00249,C[C@H]1CN(CCN1C2=NC(=O)N(C3=NC(=C(C=C32)F)C4=C(C=CC=C4F)O)C5=C(C=CN=C5C(C)C)C)C(=O)C=C
"Development of an Efficient Process to Prepare Methyl 4,5,6-Trichloropicolinate Using Highly Selective C–H Borylation/Chlorodeborylation Reactions",10.1021/acs.oprd.2c00247,COC(C1N=C(Cl)C(Cl)=C(Cl)C=1)=O
Development of a Telescoped Alkylation/Reduction Reaction Sequence and an Asymmetric Hydrogenation to Enable the Kilogram Synthesis of ABBV-3748,10.1021/acs.oprd.2c00245,CC1C=CC2C(S(NC(C3C4C(=C(C5CCC5)C=CC=4OC)OCC3)=O)(=O)=O)=CC=CC=2N=1
"Improved Synthesis of the Selected Serine Protease uPA Inhibitor UAMC-00050, a Lead Compound for the Treatment of Dry Eye Disease",10.1021/acs.oprd.2c00244,CC(=O)NC1=CC=C(C=C1)OP(=O)(C(CC2=CC=C(C=C2)N=C(N)N)NC(=O)OCC3=CC=CC=C3)OC4=CC=C(C=C4)NC(=O)C
Practical Process for synthesizing<i>R</i>-Tetrahydropapaverine─A Key Intermediate of Cisatracurium Besylate (Nimbex),10.1021/acs.oprd.2c00243,COC1=C(C=C(C=C1)C[C@@H]2C3=CC(=C(C=C3CCN2)OC)OC)OC
Development of a Robust and Scalable Synthetic Route for a Potent and Selective Isoindolinone PI3Kγ Inhibitor,10.1021/acs.oprd.2c00240,CC(N1C(=O)C2C(=CC(C3C=CN4C(=C(C(NC5CCC(O)(C)CC5)=O)C(N)=N4)N=3)=CC=2OC(F)F)C1)C1CC1
"Efficient Process for Obeticholic Acid: Synthesis, Structural Assignment, and Control Strategy for Diastereoisomeric Impurities",10.1021/acs.oprd.2c00237,CC[C@@H]1[C@@H]2C[C@@H](CC[C@@]2([C@H]3CC[C@]4([C@H]([C@@H]3[C@@H]1O)CC[C@@H]4[C@H](C)CCC(=O)O)C)C)O
Development of an Efficient New Route to PPARδ Agonist Fonadelpar: Formation of the C–C Bond by Claisen Condensation,10.1021/acs.oprd.2c00235,CC1=CC2=C(C=C1OCC(=O)O)ON=C2CCC3=C(N=C(S3)C4=CC=C(C=C4)C(F)(F)F)C(C)C
Process Development and Optimization of Linagliptin Aided by the Design of Experiments (DoE),10.1021/acs.oprd.2c00230,CC#CCN1C2=C(N=C1N3CCC[C@H](C3)N)N(C(=O)N(C2=O)CC4=NC5=CC=CC=C5C(=N4)C)C
Direct Construction of Chiral Ether via Highly Efficient Heck Reaction and N-Directed Asymmetric Hydrogenation for Large-Scale Synthesis of MALT1 Inhibitor RGT-068A,10.1021/acs.oprd.2c00229,C[C@@H](C1=C(C=NN2C1=NC=C2)NC(=O)NC3=CC(=C(N=C3)N4N=CC=N4)Cl)OC
Optimized Synthesis of a Key Intermediate of Nirmatrelvir,10.1021/acs.oprd.2c00225,CC(OC(NC(C(N)=O)CC1C(=O)NCC1)=O)(C)C
"Scalable Process of Spiro(cyclopropane)oxazepane Pyridine Carboxylic Acid through Kulinkovich, Mitsunobu, and Pd-Catalyzed Intramolecular C–N Coupling",10.1021/acs.oprd.2c00221,C1C2(NC3C(=CC(C(O)=O)=CN=3)OCC2)C1
"Novel, Practical, and Efficient Process for the Preparation of 4,5-Dichloroindole",10.1021/acs.oprd.2c00212,C1=CC(=C(C2=C1NC=C2)Cl)Cl
Streamlined Synthesis of Aminoacridinium Photocatalysts with Improved Photostability,10.1021/acs.oprd.2c00209,C1C=C(N(C2C=CC=CC=2)C2C=CC(N(C3C=CC=CC=3)C3C=CC=CC=3)=CC=2Br)C(Br)=CC=1N(C1C=CC=CC=1)C1C=CC=CC=1
Development of a Robust and Scalable Process for the Large-Scale Preparation of Vilazodone,10.1021/acs.oprd.2c00206,C1CN(CCN1CCCCC2=CNC3=C2C=C(C=C3)C#N)C4=CC5=C(C=C4)OC(=C5)C(=O)N
Refractive Index to Monitor Solid-Phase Oligonucleotide Synthesis,10.1021/acs.oprd.2c00203,CC1C(=O)NC(=O)N(C2OC(COP(OC3C(COP([S-])(OC4C(OC)C(N5C(=O)N=C(N)C=C5)OC4CO)=O)OC(N4C(=O)NC(=O)C(C)=C4)C3)([O-])=O)C(O)C2)C=1
Practical Asymmetric Synthesis of a Bicyclic Pyrrolidinol,10.1021/acs.oprd.2c00200,C1CN2C(CO)(CC(F)C2)C1
Advancing Scalable Chemistry toward Novel CELMoDs: Process Development for the Synthesis of CC-90009,10.1021/acs.oprd.2c00199,C1CC(=O)NC(=O)C1N2CC3=C(C2=O)C=CC(=C3)CNC(=O)C(C4=CC=C(C=C4)Cl)(F)F
Synthesis of MDM2-p53 Inhibitor BI-0282 via a Dipolar Cycloaddition and Late-Stage Davis–Beirut Reaction,10.1021/acs.oprd.2c00192,C1CC1CN2[C@H]3COC4=C5C=CC(=CC5=NN4[C@H]3[C@@H]([C@@]26C7=C(C=C(C=C7)Cl)NC6=O)C8=C(C(=CC=C8)Cl)F)C(=O)O
Manufacturing Process Development for Uprifosbuvir (MK-3682): A Green and Sustainable Process for Preparing Penultimate 2′-Deoxy-α-2′-Chloro-β-2′-Methyluridine,10.1021/acs.oprd.2c00191,C1=CN(C(=O)NC1=O)[C@H]2[C@@H]([C@@H]([C@H](O2)CO)O)O
Addition Reaction of Alcohol to Isocyanate Catalyzed by Copper Present in Tap Water: Robust Manufacturing Process of Naldemedine Tosylate,10.1021/acs.oprd.2c00187,CC(C)(C1=NC(=NO1)C2=CC=CC=C2)NC(=O)C3=C([C@H]4[C@@]56CCN([C@@H]([C@@]5(C3)O)CC7=C6C(=C(C=C7)O)O4)CC8CC8)O
Scalable Process of Methimazole,10.1021/acs.oprd.2c00185,CN1C=CNC1=S
Development of a Continuous Flow Synthesis of Lorazepam,10.1021/acs.oprd.2c00184,C1=CC=C(C(=C1)C2=NC(C(=O)NC3=C2C=C(C=C3)Cl)O)Cl
Efficient Synthesis of a Key Intermediate for Moxifloxacin Via Intramolecular Double Stereodifferentiation,10.1021/acs.oprd.2c00183,C1CNC2C(CNC2)C1
"Scalable Synthesis of CVN424, an Inverse Agonist of the GPR6 Receptor",10.1021/acs.oprd.2c00181,CC(=O)N1CCC2=C(C1)N=C(C(=N2)N3CCC(CC3)OC4=C(C=C(C=C4)F)F)N[C@@H]5CCOC5
"Axial Chirality in the Sotorasib Drug Substance, Part 1: Development of a Classical Resolution to Prepare an Atropisomerically Pure Sotorasib Intermediate",10.1021/acs.oprd.2c00176,CC(C1N=CC=C(C)C=1N1C(=O)NC(=O)C2C=C(F)C(Cl)=NC1=2)C
Transformation of the Manufacturing Process from Discovery to Kilogram Scale for AWZ1066S: A Highly Specific Anti-<i>Wolbachia</i> Drug Candidate for a Short-Course Treatment of Filariasis,10.1021/acs.oprd.2c00167,C1C=C2C(Cl)=NC(Cl)=NC2=NC=1
Synthesis and Applications of Periodate for Fine Chemicals and Important Pharmaceuticals,10.1021/acs.oprd.2c00161,C[C@]12CC[C@H]3[C@H]([C@@H]1CC[C@@H]2C(=O)NC(C)(C)C)CC[C@@H]4[C@@]3(C=CC(=O)N4)C
Synthesis and Applications of Periodate for Fine Chemicals and Important Pharmaceuticals,10.1021/acs.oprd.2c00161,C[C@@]12CCN([C@@H]1N(C3=C2C=C(C=C3)OC(=O)NC)C)C
Synthesis and Applications of Periodate for Fine Chemicals and Important Pharmaceuticals,10.1021/acs.oprd.2c00161,C[C@@H]([C@@H]([C@H]1CNC2=C(N1)C(=O)NC(=N2)N)O)O
Synthesis and Applications of Periodate for Fine Chemicals and Important Pharmaceuticals,10.1021/acs.oprd.2c00161,C[C@@H]1[C@@H](CCN1CC2=CC=CC=C2)NC(=O)C3=CC(=C(C=C3OC)NC)Cl
Synthesis and Applications of Periodate for Fine Chemicals and Important Pharmaceuticals,10.1021/acs.oprd.2c00161,C[C@@H]1CCO[C@@H]2N1C(=O)C3=C(C(=O)C(=CN3C2)C(=O)NCC4=C(C=C(C=C4)F)F)O
Synthesis and Applications of Periodate for Fine Chemicals and Important Pharmaceuticals,10.1021/acs.oprd.2c00161,C[C@H]1[C@@H]([C@H](C[C@@H](O1)O[C@H]2C[C@@](CC3=C2C(=C4C(=C3O)C(=O)C5=C(C4=O)C(=CC=C5)OC)O)(C(=O)CO)O)N)O
Synthesis and Applications of Periodate for Fine Chemicals and Important Pharmaceuticals,10.1021/acs.oprd.2c00161,C1[C@@H]2CNC[C@H]1C3=CC4=NC=CN=C4C=C23
Synthesis and Applications of Periodate for Fine Chemicals and Important Pharmaceuticals,10.1021/acs.oprd.2c00161,C1[C@H]2[C@@H]([C@H]2[C@@]([C@@H]1O)(C(=O)O)N)C(=O)O
Synthesis and Applications of Periodate for Fine Chemicals and Important Pharmaceuticals,10.1021/acs.oprd.2c00161,C1=CC(=CC=C1[C@@H]2[C@H](C(=O)N2C3=CC=C(C=C3)F)CC[C@@H](C4=CC=C(C=C4)F)O)O
Synthesis and Applications of Periodate for Fine Chemicals and Important Pharmaceuticals,10.1021/acs.oprd.2c00161,C1C[C@H](CNC1)C2=CC=C(C=C2)N3C=C4C=CC=C(C4=N3)C(=O)N
Synthesis and Applications of Periodate for Fine Chemicals and Important Pharmaceuticals,10.1021/acs.oprd.2c00161,C1CN2C(=NN=C2C(F)(F)F)CN1C(=O)C[C@@H](CC3=CC(=C(C=C3F)F)F)N
Synthesis and Applications of Periodate for Fine Chemicals and Important Pharmaceuticals,10.1021/acs.oprd.2c00161,C1COCC(=O)N1C2=CC=C(C=C2)N3C[C@@H](OC3=O)CNC(=O)C4=CC=C(S4)Cl
Synthesis and Applications of Periodate for Fine Chemicals and Important Pharmaceuticals,10.1021/acs.oprd.2c00161,CC(=O)NCCC1=CC=CC2=C1C=C(C=C2)OC
Synthesis and Applications of Periodate for Fine Chemicals and Important Pharmaceuticals,10.1021/acs.oprd.2c00161,CC(C)C1=NC(=NC(=C1/C=C/[C@H](C[C@H](CC(=O)O)O)O)C2=CC=C(C=C2)F)N(C)S(=O)(=O)C
Synthesis and Applications of Periodate for Fine Chemicals and Important Pharmaceuticals,10.1021/acs.oprd.2c00161,CC(C1=CN=C(C=C1)C(F)(F)F)S(=NC#N)(=O)C
Synthesis and Applications of Periodate for Fine Chemicals and Important Pharmaceuticals,10.1021/acs.oprd.2c00161,CC(F)1C(=O)OC(CO)C1O
Synthesis and Applications of Periodate for Fine Chemicals and Important Pharmaceuticals,10.1021/acs.oprd.2c00161,CC(NCC(O)COC1C2C(=CC=CC=2)C=CC=1)C
Synthesis and Applications of Periodate for Fine Chemicals and Important Pharmaceuticals,10.1021/acs.oprd.2c00161,CC[C@@H](C(=O)N)N1CCCC1=O
Synthesis and Applications of Periodate for Fine Chemicals and Important Pharmaceuticals,10.1021/acs.oprd.2c00161,CC1=CN(C(=O)NC1=O)[C@H]2C=C[C@H](O2)CO
Synthesis and Applications of Periodate for Fine Chemicals and Important Pharmaceuticals,10.1021/acs.oprd.2c00161,CC1=NN=C2N1C3=C(C=C(C=C3)Cl)C(=NC2)C4=CC=CC=C4
Synthesis and Applications of Periodate for Fine Chemicals and Important Pharmaceuticals,10.1021/acs.oprd.2c00161,CCCCCCCC(=O)N[C@H](CN1CCCC1)[C@@H](C2=CC3=C(C=C2)OCCO3)O
Synthesis and Applications of Periodate for Fine Chemicals and Important Pharmaceuticals,10.1021/acs.oprd.2c00161,CN[C@H]1CC[C@H](C2=CC=CC=C12)C3=CC(=C(C=C3)Cl)Cl
Synthesis and Applications of Periodate for Fine Chemicals and Important Pharmaceuticals,10.1021/acs.oprd.2c00161,CN1C2=CC=CC=C2C(=C1O)N=NC(=S)N
Synthesis and Applications of Periodate for Fine Chemicals and Important Pharmaceuticals,10.1021/acs.oprd.2c00161,COC1=CC2=C(C=CN=C2C=C1)[C@H]([C@@H]3C[C@@H]4CCN3C[C@@H]4C=C)O
Process Development and Scale-Up of a Protease Inhibitor for the Treatment of HIV Featuring the Preparation of a Neopentyl Grignard Reagent and Development of a One-Pot Curtius Reaction,10.1021/acs.oprd.2c00153,CC(C(F)(F)F)(CC1(NC(=N)N(C(C2C=C(C3N(C(F)F)N=CN=3)C(Cl)=CC=2)COC(NC(C(F)(F)F)2CC2)=O)C1=O)C1C=CC(C2C=NN(C3CC3)N=2)=CC=1)C
Development of an Optimized Synthetic Process for an Antiobesity Drug Candidate (S-234462) Featuring Mild Chlorination of Benzoxazolone and In Situ IR Monitoring of a Mitsunobu Reaction,10.1021/acs.oprd.2c00150,CC(S(NCC1CCC(NC2OC3C=C(F)C=CC=3N=2)CC1)(=O)=O)(C)C
An Alternative Route to the Anticancer Agent: 2-Fluorofucose from Readily Available L-(−)Rhamnose and Mechanistic Insights into a Zinc/Ammonium Iodide-Mediated Elimination Reaction,10.1021/acs.oprd.2c00146,CC1OC(O)C(F)C(O)C1O
An Alternative Route to the Anticancer Agent: 2-Fluorofucose from Readily Available L-(−)Rhamnose and Mechanistic Insights into a Zinc/Ammonium Iodide-Mediated Elimination Reaction,10.1021/acs.oprd.2c00146,CC1OC=CC(OC(C)=O)C1OC(C)=O
Synthesis of a Pyridoazepine Scaffold via Rhodium-Catalyzed Ring Expansion and Nitroacetamide Condensation,10.1021/acs.oprd.2c00145,CC(OC(N1CCC2NC(C([N+]([O-])=O)=CC=2CC1)=O)=O)(C)C
Route Design and Development of Tetrachlorantraniliprole: Copper-Catalyzed Cyclization and One-Pot Preparation of Pyrazole Acid Chloride,10.1021/acs.oprd.2c00141,CNC(=O)C1=C(C(=CC(=C1)Cl)Cl)NC(=O)C2=CC(=NN2C3=C(C=C(C=N3)Cl)Cl)Br
Optimization of Nitrosation Reaction for Synthesis of 4-Aminoantipyrine by Response Surface Methodology and Its Reaction Mechanism,10.1021/acs.oprd.2c00132,C=C1CN2C(C(O)NC3C=C(OCCCCCOC4C(OC)=CC5C(N6C(C(O)C(C(OCC(SSC7C=CC([N+]([O-])=O)=CN=7)C)=O)C=5C=4)CC(=C)C6)=O)C(OC)=CC=3C2=O)C1
Minimizing Material Consumption in Flow Process Research and Development: A Novel Approach Toward Robust and Controlled Mixing of Reactants,10.1021/acs.oprd.2c00123,COC1C=CC(C(O)C2C=CC(Br)=CC=2)=CC=1
"Racemic Synthesis of a Key 1,4-Dihydro-2<i>H</i>-spiro[isoquinoline-3,4′-piperidin]-3′-ol Building Block",10.1021/acs.oprd.2c00121,C1C=CC2CNC(CC=2C=1)1C(O)CNCC1
Development of a New Synthetic Route of the Key Intermediate of Irbesartan,10.1021/acs.oprd.2c00113,CCCCC1=NC2(CCCC2)C(=O)N1CC3=CC=C(C=C3)C4=CC=CC=C4C5=NNN=N5
"Continuous-Flow Synthesis of <i>syn</i>-2-Amino-1,3-diol via Catalytic Hydrogenation: A Vital Intermediate of (+)-Thiamphenicol and (+)-Florfenicol",10.1021/acs.oprd.2c00100,CS(C1C=CC(C(O)C(N)CO)=CC=1)(=O)=O
"Cost-Efficient, Multigram Scalable Synthesis of Shelf-Stable Electrophilic (Phenylsulfonyl)difluoromethylating Reagents",10.1021/acs.oprd.2c00099,C1C=CC2S(S(CC3C=CC=CC=3)(=O)=O)(C(F)(F)F)C3C(C=2C=1)=CC=CC=3
Development of a Practical Process for the Large-Scale Preparation of the Chiral Pyridyl-Backbone for the Crabtree/Pfaltz-Type Iridium Complex Used in the Industrial Production of the Novel Fungicide Inpyrfluxam,10.1021/acs.oprd.2c00097,CCC1C(C2C=C(C)C3CCC(O)C=3N=2)=C(CC)C=C(C)C=1
A Novel and Practical Synthesis of Mavorixafor,10.1021/acs.oprd.2c00076,C1C[C@@H](C2=C(C1)C=CC=N2)N(CCCCN)CC3=NC4=CC=CC=C4N3
Recent Advances in the Solid- and Solution-Phase Synthesis of Peptides and Proteins Using Microflow Technology,10.1021/acs.oprd.2c00074,CC[C@H](C)[C@@H](C(=O)NC)N(C)C(=O)[C@H](C(C)C)NC(=O)[C@H](C(C)C)N(C)C(=O)[C@H]([C@@H](C)CC)N(C)C(=O)[C@H](C)N(C)C(=O)C1=CC=CC=C1
Manufacturable Process of a Novel EGFR Inhibitor (Larotinib) for the Treatment of ESCC,10.1021/acs.oprd.2c00059,COC1=C(C=C2C(=C1)N=CN=C2NC3=CC(=C(C=C3)F)Cl)OCCCN4C[C@@H]5[C@H](C4)OCCO5
"Development of a Process to a 4-Arylated 2-Methylisoquinolin-1(2<i>H</i>)-one for the Treatment of Solid Tumors: Lessons in Ortho-Bromination, Selective Solubility, Pd Deactivation, and Form Control",10.1021/acs.oprd.2c00057,CN1C(=O)C2C=CC=CC=2C(C2C3C=CC=CC=3C(=O)N(C)C=2)=C1
Some Items of Interest to Process R&amp;D Chemists and Engineers,10.1021/acs.oprd.2c00055,CC(N1C2C3C=CC=CC=3N=C(N)C=2N=C1)(C)C
"Cu-Mediated Ullmann-Type Cross-Coupling and Industrial Applications in Route Design, Process Development, and Scale-up of Pharmaceutical and Agrochemical Processes",10.1021/acs.oprd.2c00050,C[C@]12CC[C@H]3[C@H]([C@@H]1CC[C@@H]2C(=O)NC4=C(C=CC(=C4)C(F)(F)F)C(F)(F)F)CC[C@@H]5[C@@]3(C=CC(=O)N5)C
Multigram Scale Synthesis of Piperarborenines C-E,10.1021/acs.oprd.2c00049,COC1=CC(=CC(=C1OC)OC)/C=C/C(=O)N2CCC=CC2=O
Use of Phosphazene Base BTPP for Phosphorylative Activation in the Scale-Up of BET Inhibitor GSK525762,10.1021/acs.oprd.2c00048,CCNC(=O)C[C@H]1C2=NN=C(N2C3=C(C=C(C=C3)OC)C(=N1)C4=CC=C(C=C4)Cl)C
"Synthesis Optimization, Scale-Up, and Catalyst Screening Efforts toward the MGAT2 Clinical Candidate, BMS-963272",10.1021/acs.oprd.2c00036,CC1=CC=C(C=C1)C2=C(C(=O)N[C@@](C2)(C3=CC=C(C=C3)OCCCC(F)(F)F)C(F)(F)F)C4=NNN=N4
Synthesis of 5-Substituted Tetrazoles: Reaction of Azide Salts with Organonitriles Catalyzed by Trialkylammonium Salts in Non-polar Media,10.1021/acs.oprd.2c00032,C1C=CC(C2NN=NN=2)=CC=1
Development of an Improved Synthetic Process of Clonazepam by Preventing the Formation of a Trimeric Compound in the Presence of HCl,10.1021/acs.oprd.2c00023,C1C(=O)NC2=C(C=C(C=C2)[N+](=O)[O-])C(=N1)C3=CC=CC=C3Cl
An Efficient Synthesis of the Bicyclic Darunavir Side Chain Using Chemoenzymatic Catalysis,10.1021/acs.oprd.2c00017,C1C2C(O)COC2OC1
Stereoselective Synthesis of a Tubulysin Core for Antibody–Drug Conjugate Studies,10.1021/acs.oprd.2c00010,CCCN(C(C(NC(C1N(C)CCCC1)=O)C(CC)C)=O)C(C(C)C)CC(C1SC=C(C(OC)=O)N=1)=O
"Identification, Synthesis, and Comprehension of an Imidazole N-3 Regioisomeric Impurity of Olmesartan Medoxomil Key Intermediate",10.1021/acs.oprd.2c00002,CCCC1=NC(=C(N1CC2=CC=C(C=C2)C3=CC=CC=C3C4=NNN=N4)C(=O)OCC5=C(OC(=O)O5)C)C(C)(C)O
"High-Yield Synthesis of Enantiopure 1,2-Amino Alcohols from <scp>l</scp>-Phenylalanine via Linear and Divergent Enzymatic Cascades",10.1021/acs.oprd.1c00490,C1C=CC(C(N)CO)=CC=1
"Review of Synthetic Approaches toward the Synthesis of Cariprazine, an Antipsychotic Drug",10.1021/acs.oprd.1c00488,CN(C)C(=O)NC1CCC(CC1)CCN2CCN(CC2)C3=C(C(=CC=C3)Cl)Cl
Development and Process Intensification of an Efficient Flow–Cascade Reaction Sequence in the Synthesis of Afizagabar,10.1021/acs.oprd.1c00481,CC(O)CC1C=C2NC(OC2=CC=1)=O
Driving Aspirational Process Mass Intensity Using Simple Structure-Based Prediction,10.1021/acs.oprd.1c00477,C#C[C@]1([C@H](C[C@@H](O1)N2C=NC3=C(N=C(N=C32)F)N)O)CO
Development and Scale-Up of a Copper-Catalyzed Sulfamidation Coupling Reaction,10.1021/acs.oprd.1c00475,C[C@H]([C@H](CO)O)OC1=NC(=NC(=C1)NS(=O)(=O)N2CCC2)SCC3=C(C(=CC=C3)F)F
Development of a Continuous Photochemical Bromination/Alkylation Sequence En Route to AMG 423,10.1021/acs.oprd.1c00469,COC(N1CCN(CC2C(F)=C([N+]([O-])=O)C=CC=2)CC1)=O.Br
"Development of a Commercial Process for Deucravacitinib, a Deuterated API for TYK2 Inhibition",10.1021/acs.oprd.1c00468,[2H]C([2H])([2H])NC(=O)C1=NN=C(C=C1NC2=CC=CC(=C2OC)C3=NN(C=N3)C)NC(=O)C4CC4
Development of Scalable Processes with Underutilized Biocatalyst Classes,10.1021/acs.oprd.1c00467,C1CN(CCC1CN[C@@H]2C[C@H]2C3=CC=CC=C3)CC4=CC=C(C=C4)C(=O)O
Recent Progress and Developments in Chemoenzymatic and Biocatalytic Dynamic Kinetic Resolution,10.1021/acs.oprd.1c00463,CNCCC(OC1C2C=CC=CC=2C=CC=1)C1SC=CC=1
"Development of a Scalable Route with Efficient Stereoisomer Control to YZJ-1139, an Orexin Receptor Antagonist",10.1021/acs.oprd.1c00457,CC1=CC(=C(C=C1)C2=NC=CC=N2)C(=O)N3[C@H]4CC[C@H]([C@@H]3CC4)COC5=NC=C(C=C5)F
"Development of a Rapid Scale-Up Synthesis of (<i>S</i>)-<i>N</i>-(8-((2-Amino-2,4-dimethylpentyl)oxy)-5<i>H</i>-chromeno[3,4-<i>c</i>]pyridin-2-yl)acetamide, a Potent Adaptor-Associated Kinase 1 Inhibitor",10.1021/acs.oprd.1c00452,CC(CC(N)(COC1C=C2C(C3C(CO2)=CN=C(NC(C)=O)C=3)=CC=1)C)C
Leveraging High-Throughput Experimentation to Drive Pharmaceutical Route Invention: A Four-Step Commercial Synthesis of Branebrutinib (BMS-986195),10.1021/acs.oprd.1c00443,CC#CC(=O)N[C@H]1CCCN(C1)C2=C(C=C(C3=C2C(=C(N3)C)C)C(=O)N)F
Scaling up a C–H Borylation: Addressing the Safety Concerns of an Iridium-Catalyzed Process for Multikilo Scale Manufacture,10.1021/acs.oprd.1c00432,CC1=CC(=CC(=N1)Cl)C2=C(N=C(N=N2)N)C3=CC=C(C=C3)F
Modified and Scalable Synthesis of <i>N</i>-Tosyl-4-Chlorobenzenesulfonimidoyl Fluoride (SulfoxFluor): Direct Imidation of Sulfinyl Chlorides with Chloramine-T Trihydrate,10.1021/acs.oprd.1c00431,CC1=CC=C(C=C1)S(=O)(=O)N=S(=O)(C2=CC=C(C=C2)Cl)F
Asymmetric Synthesis of Optically Active 3-Cyclohexene-1-carboxylic Acid Utilizing Lactic Ester as a Chiral Auxiliary in the Diastereoselective Diels–Alder Reaction,10.1021/acs.oprd.1c00430,C1CCC(C(O)=O)CC=1
Multigram Synthesis of Tetrasubstituted Dihydrobenzofuran GSK973 Enabled by High-Throughput Experimentation and a Claisen Rearrangement in Flow,10.1021/acs.oprd.1c00422,CC1OC2C(C(NC)=O)=CC(C(NC3C4C3COC4)=O)=CC=2C1C1C=CC=CC=1
Efficient Multigram-Scale Synthesis of 7-Substituted 3-Methyltetral-1-ones and 6-Fluoromenadione,10.1021/acs.oprd.1c00421,CC1CC(=O)C2C(=CC=C(C)C=2)C1
“One-Pot” Synthesis of Molnupiravir from Cytidine,10.1021/acs.oprd.1c00419,CC(C)C(=O)OC[C@@H]1[C@H]([C@H]([C@@H](O1)N2C=CC(=NC2=O)NO)O)O
Process Intensive Synthesis of Propofol Enabled by Continuous Flow Chemistry,10.1021/acs.oprd.1c00416,CC(C1C(O)=C(C(C)C)C=CC=1)C
Initial Route Scouting and Final Process Development for the Multi-Kg Production of 3-Fluoro-6-methoxyquinoline from <i>p</i>-Anisidine and 2-Fluoromalonic Acid,10.1021/acs.oprd.1c00414,COC1C=CC2N=CC(F)=CC=2C=1
Recent Advances in Photobiocatalysis for Selective Organic Synthesis,10.1021/acs.oprd.1c00413,CC1C=CC(NCC2C3C=CC=CC=3NC=2)=CC=1
High Yielding Continuous-Flow Synthesis of Norketamine,10.1021/acs.oprd.1c00407,CNC1(CCCCC1=O)C2=CC=CC=C2Cl
"Development of a Robust Manufacturing Route for Molnupiravir, an Antiviral for the Treatment of COVID-19",10.1021/acs.oprd.1c00400,CC(C)C(=O)OC[C@@H]1[C@H]([C@H]([C@@H](O1)N2C=CC(=NC2=O)NO)O)O
Asymmetric Organocatalysis and Continuous Chemistry for an Efficient and Cost-Competitive Process to Pregabalin,10.1021/acs.oprd.1c00394,CC(C)C[C@@H](CC(=O)O)CN
"Development of a Practical and Scalable Synthetic Route for the Adenosine Monophosphate-Activated Protein Kinase Activator, ASP4132",10.1021/acs.oprd.1c00392,COC1C=CC(CN2CCC(C3C=CC4N=C(C(N5CCN(CC6C=CC(C(F)(F)F)=CC=6)CC5)=O)NC=4C=3)CC2)=CN=1
"Development of a Practical and Greener Process for the Dual Leucine Zipper Kinase Inhibitor GDC-0134 Comprising Two S<sub>N</sub>Ar Reactions, Oxidation and Suzuki Coupling",10.1021/acs.oprd.1c00389,C1CN(CC1(F)F)C2=NC(=CC(=N2)N3C[C@@H]4C[C@H]3CO4)C5=CC(=C(N=C5)N)OC(F)F
Concise Process for Pyriftalid Synthesis by Introducing the Mercapto Group Directly from a Nitro Group,10.1021/acs.oprd.1c00384,CC1C2=C(C(=CC=C2)SC3=NC(=CC(=N3)OC)OC)C(=O)O1
Development of an Improved Route to a Human Immunodeficiency Virus Maturation Inhibitor by Chromium-Free Allylic Oxidation and an Efficient Asymmetric Henry Reaction,10.1021/acs.oprd.1c00374,CC(C1C(=O)CC(C(O)CN(CC2C=CC(Cl)=CC=2)CCN(C)C)2C=1C1C(CC2)(C)C(C)2C(C3(C(CC2)C(C)(C)C(OC(CC(C(O)=O)(C)C)=O)CC3)C)CC1)C
An Optimized Safe Process from Bench to Pilot cGMP Production of API Eptifibatide Using a Multigram-Scale Microwave-Assisted Solid-Phase Peptide Synthesizer,10.1021/acs.oprd.1c00368,C1C[C@H]2C(=O)N[C@@H](CSSCCC(=O)N[C@H](C(=O)NCC(=O)N[C@H](C(=O)N[C@H](C(=O)N2C1)CC3=CNC4=CC=CC=C43)CC(=O)O)CCCCN=C(N)N)C(=O)N
Stereoselective Nickel(II)-Catalyzed Addition of Aryl Grignards to Diphenylacetylene in the Synthesis of Zuclomiphene,10.1021/acs.oprd.1c00366,CCN(CC)CCOC1=CC=C(C=C1)C(=C(C2=CC=CC=C2)Cl)C3=CC=CC=C3
"Scalable Synthesis of <i>N</i>,<i>N</i>′-Di(2,3-dihydroxy-propyl)-1,4-naphthalenedipropanamide and Its 1,4-Endoperoxide as a Singlet Oxygen-Releasing Molecule",10.1021/acs.oprd.1c00364,C1C=C2C(CCC(NCC(O)CO)=O)=CC=C(CCC(NCC(O)CO)=O)C2=CC=1
Development of a Scalable Route to a Pyrrolidone Compound via a Hydroxyfuranone,10.1021/acs.oprd.1c00350,CC1N=C2SC(COC)=NN2C=1CN1C(=O)C=C(CCC(F)(F)F)C1
Asymmetric Synthesis of the Cyclohexyl Fragment in RORγt Inhibitor (BMS-986251) Enabled by a Dynamic Kinetic Resolution of Hageman’s Ester,10.1021/acs.oprd.1c00339,C(C)1C(C(C2C=CC=CC=2)=O)CCC(C(O)=O)C1
"Development of the Enabling Route for a Novel HCV NS3/4A Inhibitor, Furaprevir",10.1021/acs.oprd.1c00315,CC(C)OC1=CC=C(C=C1)C2=NC3=C(C(=N2)O[C@@H]4C[C@H]5C(=O)N[C@@]6(C[C@H]6/C=C\\CCCCC[C@@H](C(=O)N5C4)NC(=O)OC7CCCC7)C(=O)NS(=O)(=O)C8(CC8)C)OC9=CC=CC=C93
Sulfone Displacement Approach for Large-Scale Synthesis of 4-Chloro-<i>N</i>-(1-methyl-1<i>H</i>-pyrazol-4-yl)pyrimidin-2-amine,10.1021/acs.oprd.1c00314,CN1N=CC(NC2N=CC=C(Cl)N=2)=C1
High-Throughput Experimentation Enabling Rapid Process Optimization of an RSV Drug Candidate,10.1021/acs.oprd.1c00313,CC1N(C(C2C=C(C3CC3)N3C(=CC(C4C(F)=CC(C5C(C(O)=O)C5)=CC=4)=N3)N=2)=O)CCC2C=CC=CC1=2
Development of a Kilogram-Scale Route for Clinical Sample Production of the Intravenous Anesthetic Cipepofol,10.1021/acs.oprd.1c00306,C[C@H](C1CC1)C2=CC=CC(=C2O)C(C)C
"Efficient, Protecting Group Free Kilogram-Scale Synthesis of the JAK1 Inhibitor GDC-4379",10.1021/acs.oprd.1c00302,CN(C)C(=O)CN1C=C(C(=N1)C2=C(C=CC(=C2)Cl)OC(F)F)NC(=O)C3=C4N=CC=CN4N=C3
"Large-Scale Enantioselective Reduction of 2,3-Disubstituted Indenopyridine Enables a Practical Manufacturing Process for an 11β-HSD-1 Inhibitor",10.1021/acs.oprd.1c00290,C1CN(C(C2C=C3N=CNC3=CC=2)=O)C2C(C3C(C2)=CC=C(C#N)C=3)C1
Development of a Scalable Enantioselective Synthesis of JAK Inhibitor Upadacitinib,10.1021/acs.oprd.1c00287,CC[C@@H]1CN(C[C@@H]1C2=CN=C3N2C4=C(NC=C4)N=C3)C(=O)NCC(F)(F)F
Scalable Synthesis of β-Lactamase Inhibitor QPX7728 by Sequential Nickel-Catalyzed Boron Insertion into a Benzofuran Substrate and Enantioselective Cyclopropanation of the Resulting Vinylboronate,10.1021/acs.oprd.1c00285,B1([C@@H]2C[C@@H]2C3=C(O1)C(=C(C=C3)F)C(=O)O)O
"Process Development, Manufacture, and Understanding of the Atropisomerism and Polymorphism of Verinurad",10.1021/acs.oprd.1c00284,CC(C)(C(=O)O)SC1=C(C=NC=C1)C2=CC=C(C3=CC=CC=C32)C#N
Expedited Kilolab Development of AZD7624 Using Kulinkovich-de Meijere Cyclopropanation,10.1021/acs.oprd.1c00283,CC1=C(C=C(C=C1F)C(=O)NC2CC2)N3C=CN=C(C3=O)NC4(CC4)C5=CC=CC=C5OCCNC
"Review of Synthetic Routes and Crystalline Forms of the Oncology Drugs Capmatinib, Selpercatinib, and Pralsetinib",10.1021/acs.oprd.1c00282,CC(C)(COC1=CN2C(=C(C=N2)C#N)C(=C1)C3=CN=C(C=C3)N4CC5CC(C4)N5CC6=CN=C(C=C6)OC)O
"Review of Synthetic Routes and Crystalline Forms of the Oncology Drugs Capmatinib, Selpercatinib, and Pralsetinib",10.1021/acs.oprd.1c00282,CC1=CC(=NN1)NC2=NC(=NC(=C2)C)C3CCC(CC3)(C(=O)N[C@@H](C)C4=CN=C(C=C4)N5C=C(C=N5)F)OC
"Review of Synthetic Routes and Crystalline Forms of the Oncology Drugs Capmatinib, Selpercatinib, and Pralsetinib",10.1021/acs.oprd.1c00282,CNC(=O)C1=C(C=C(C=C1)C2=NN3C(=CN=C3N=C2)CC4=CC5=C(C=C4)N=CC=C5)F
A Scalable Synthesis of Roxadustat (FG-4592),10.1021/acs.oprd.1c00281,CC1=C2C=C(C=CC2=C(C(=N1)C(=O)NCC(=O)O)O)OC3=CC=CC=C3
Using Oxygen as the Primary Oxidant in a Continuous Process: Application to the Development of an Efficient Route to AZD4635,10.1021/acs.oprd.1c00279,CC1=CC(=CC(=N1)Cl)C2=C(N=C(N=N2)N)C3=CC=C(C=C3)F
An Efficient Second-Generation Manufacturing Process for the pan-RAF Inhibitor Belvarafenib,10.1021/acs.oprd.1c00277,CC1=C(C2=C(C=C1)C(=NC=C2)NC3=C(C(=CC=C3)Cl)F)NC(=O)C4=CSC5=C4N=CN=C5N
Hybrid Flow-Batch Model for the Efficient Synthesis of 2-(Dimethylamino)-6-methylpyridin-4-ol,10.1021/acs.oprd.1c00264,CC1C=C(O)C=C(N(C)C)N=1
Efficient Manufacturing Process for the Selective Estrogen Receptor Degrader GDC-9545 (Giredestrant) via a Crystallization-Driven Diastereoselective Pictet–Spengler Condensation,10.1021/acs.oprd.1c00263,OCC(F)(F)CN([C@@H]1C2=C(F)C=C(NC3CN(CCCF)C3)C=C2F)[C@H](C)CC4=C1NC5=C4C=CC=C5
First-Generation Asymmetric Synthesis of the Selective Estrogen Receptor Degrader GDC-9545 (Giredestrant) Featuring a Highly Efficient Pictet–Spengler Reaction and a C–N Coupling Reaction,10.1021/acs.oprd.1c00262,CC(NCC(F)(F)CO)CC1C2C=CC=CC=2NC=1
Development of an Intrinsically Safer Methanolysis/Aromatic Nitro Group Reduction for Step 1 and 2 of Talazoparib Tosylate,10.1021/acs.oprd.1c00259,CN1N=CN=C1C1C(=O)C2C(C(OC)=O)=CC(F)=CC=2NC1C1C=CC(F)=CC=1
Safety Assessments Supporting Scale-up of Chemistry Involving Hydrogen,10.1021/acs.oprd.1c00256,CS(C1C2C(O)C(F)C(O)C=2C(OC2C=C(C#N)C=C(F)C=2)=CC=1)(=O)=O
Application of Biocatalytic Reductive Amination for the Synthesis of a Key Intermediate to a CDK 2/4/6 Inhibitor,10.1021/acs.oprd.1c00255,CC(O)1C(N2C(=O)C(C(F)F)=CC3C=NC(NC4CCN(S(C)(=O)=O)CC4)=NC2=3)CCC1
Fully Continuous Flow Synthesis of 5-(Aminomethyl)-2-methylpyrimidin-4-amine: A Key Intermediate of Vitamin B<sub>1</sub>,10.1021/acs.oprd.1c00253,CC1N=CC(CN)=C(N)N=1
Enzyme Optimization and Process Development for a Scalable Synthesis of (<i>R</i>)-2-Methoxymandelic Acid,10.1021/acs.oprd.1c00250,COC1C=CC=CC=1C(O)C(O)=O
Synthesis of Fingolimod Employing Regioselective Aziridine Ring-Opening Reaction as a Key Step,10.1021/acs.oprd.1c00248,CC(OC(N1C2(COC(C)(C)OC2)C1)=O)(C)C
Development and Scale-Up of a Novel Photochemical C–N Oxidative Coupling,10.1021/acs.oprd.1c00244,CC1C=C(C(C2C(=O)CCCC2=O)=O)C(=O)N(C2C=C(OC)C(OC)=CC=2)N=1
Development of a Commercial Process for Odalasvir,10.1021/acs.oprd.1c00237,COC(N[C@@H](C(C)C)C(N1[C@H](C2=NC3=CC=C(C4=CC5=CC=C4CCC6=CC=C(CC5)C(C7=CC=C(N=C([C@H]8N([C@]9([H])[C@](CCCC9)([H])C8)C([C@H](C(C)C)NC(OC)=O)=O)N%10)C%10=C7)=C6)C=C3N2)C[C@@]%11([H])[C@]1([H])CCCC%11)=O)=O
"Manufacturing Process Development for Belzutifan, Part 4: Nitrogen Flow Criticality for Transfer Hydrogenation Control",10.1021/acs.oprd.1c00231,CS(=O)(=O)C1=C2[C@@H]([C@@H]([C@@H](C2=C(C=C1)OC3=CC(=CC(=C3)C#N)F)F)F)O
"Preparative Synthesis of an <i>R</i><sub>P</sub>-Guanosine-3′,5′-Cyclic Phosphorothioate Analogue, a Drug Candidate for the Treatment of Retinal Degenerations",10.1021/acs.oprd.1c00230,C1N2C(=NC3N(C4OC5COP(OC5C4O)([O-])=S)C(Br)=NC=3C2=O)NC=1C1C=CC=CC=1
"Scalable Process for Making 5,7-Dichlorotetrahydroisoquinoline-6-carboxylic Acid Using Methylene as the Protecting Group",10.1021/acs.oprd.1c00229,C1C2C(=CC(Cl)=C(C(O)=O)C=2Cl)CNC1
Crystallization-Based Synthetic Route to Antimalarial Agent BRD5018: Diazocene Ring Formation via a Staudinger-aza-Wittig Reaction on an Azetidine-Ribose Template,10.1021/acs.oprd.1c00225,CN(C)C[C@@H]1[C@@](C2=CC=C(C=C2)C#CC3=CC=CC=C3)([H])[C@@]4([H])N1C[C@@H]([C@@H](CN(C4)C(NC5=CC=C(C=C5)OC)=O)O)O
Synthesis of BACE1 Inhibitors <b>E2609</b>/<b>E2071</b> via Oxime–Olefin Cycloaddition Following a Process Risk Mitigation Strategy,10.1021/acs.oprd.1c00223,FC1=CC=C(NC(C2=NC=C(C(F)F)N=C2)=O)C=C1[C@@]3(N=C(N)SC4)[C@@]4([H])[C@@H](C)OC3
"Toward a Practical, Nonenzymatic Process for Investigational COVID-19 Antiviral Molnupiravir from Cytidine: Supply-Centered Synthesis",10.1021/acs.oprd.1c00219,CC(C(OCC1OC(N2C(=O)N=C(NO)C=C2)C(O)C1O)=O)C
Unconventional Synthetic Process of Fasudil Hydrochloride: Costly Homopiperazine Was Avoided,10.1021/acs.oprd.1c00211,C1C=C(S(N2CCNCCC2)(=O)=O)C2C(=CN=CC=2)C=1
"Accelerated Development of a Scalable Synthesis of CY6463, a CNS-Penetrant sGC Stimulator for the Treatment of Neurodegenerative Diseases",10.1021/acs.oprd.1c00204,C1C=C(CC2C3N(C=CN=3)C=C(C3NN=C(C(F)(F)F)N=3)N=2)C(F)=CC=1
Practical Synthesis of (+)-Biotin Key Intermediate by Calcium Borohydride Reduction and Temperature-Dependent Purity Upgrade during Crystallization,10.1021/acs.oprd.1c00196,CC(C1C=CC=CC=1)N1C(=O)C2N(C(N(CC3C=CC=CC=3)C2C1=O)=O)CC1C=CC=CC=1
Early Development and Kilogram Scale-Up of a Non-steroidal FXR Agonist for the Treatment of Non-alcoholic Steatohepatitis (NASH),10.1021/acs.oprd.1c00193,C1C(C2ON=C(C3C(Cl)=CC(F)=CC=3Cl)C=2COC2C=CC(C(O)3CN(C4N=CC(C(O)=O)=CC=4F)C3)=C(Cl)C=2)C1
A Holistic Strategy for Cyanide Control and Safety for Pharmaceutical Manufacturing,10.1021/acs.oprd.1c00185,CC([Hg])C1C=C(OC)C(S(N)(=O)=O)=CC=1OC1C=NC(N)=NC=1N
Facile and Cost-Effective Route for the Synthesis of Simmerafil,10.1021/acs.oprd.1c00184,CCCOC1C(C2NC(=O)C(CC)=C(CC)N=2)=CC(NC(CN2CCN(C)CC2)=O)=CC=1
Kilogram-Scale Synthesis of 2′-<i>C</i>-Methyl-<i>arabino</i>-Uridine from Uridine via Dynamic Selective Dipivaloylation,10.1021/acs.oprd.1c00175,CC(OC(C(NP(OC1C=CC=CC=1)(OCC1OC(N2C(=O)NC(=O)C=C2)C(C)(Cl)C1O)=O)C)=O)C
Development of a Practical Manufacturing Process to Relebactam via Thorough Understanding of the Origin and Control of Oligomeric Impurities,10.1021/acs.oprd.1c00149,C1C[C@H](N2C[C@@H]1N(C2=O)OS(=O)(=O)O)C(=O)NC3CCNCC3
"Development of a Stereoselective and Scalable Synthesis for the Potent Indoleamine 2,3-Dioxygenase 1 (IDO1) Inhibitor, BMT-297376; <i>N</i>-((<i>R</i>)-1-((<i>cis</i>)-4-(3-(Difluoromethyl)-2-methoxypyridin-4-yl)cyclohexyl)propyl)-6-methoxynicotinamide",10.1021/acs.oprd.1c00142,CCC(NC(C1C=CC(OC)=NC=1)=O)C1CCC(C2C(C(F)F)=C(OC)N=CC=2)CC1
Efficient Synthesis of a Key Intermediate for Baloxavir Marboxil from a Greener Starting Material: Ethylene Glycol,10.1021/acs.oprd.1c00141,C1C=CC(COC2C(=O)C=CN3C=2C(N2C(=N3)COCC2)=O)=CC=1
Six-Step Gram-Scale Synthesis of the Human Immunodeficiency Virus Integrase Inhibitor Dolutegravir Sodium,10.1021/acs.oprd.1c00139,CC1N2C(CN3C([S])=C(C(NCC4C(F)=CC(F)=CC=4)=O)C(=O)C(O)=C3C2=O)OCC1
Development and Scale-Up of an Asymmetric Synthesis of AZD8186 Using the Fukuyama Modification of the Mitsunobu Reaction,10.1021/acs.oprd.1c00133,CC(NC1C=C(F)C=C(F)C=1)C1C=C(C(N(C)C)=O)C=C2C(C=C(OC=12)N1CCOCC1)=O
Development of a Recycling Process for an Industrial-Scale Production of Tipifarnib,10.1021/acs.oprd.1c00132,CN1C(C(N)(C2C=C3C(C4C=CC=C(Cl)C=4)=CC(N(C)C3=CC=2)=O)C2C=CC(Cl)=CC=2)=CN=C1
Catalyst-Free and Scalable Process for Synthesis of Novel MAP4K4 Inhibitor DMX-5804 and Its Glyco-Conjugates,10.1021/acs.oprd.1c00130,COCCOC1C=CC(C2C3C(NC=NC=3N(C3C=CC=CC=3)C=2)=O)=CC=1
Harnessing the Power of Catalysis for the Synthesis of CRTH2 Antagonist MK-1029,10.1021/acs.oprd.1c00128,C1C=C2C(CC(O)=O)=C3N(C2=C(F)C=1)CC(N1N=NC=C1CC1C=CC(F)=CC=1)CC3
Application of Continuous Flow in Tazobactam Synthesis,10.1021/acs.oprd.1c00127,CC1(S(=O)(=O)C2N(C(C2)=O)C1C(O)=O)CN1N=NC=C1
Process Development of a Second Generation β-Amyloid-Cleaving Enzyme Inhibitor—Improving the Robustness of a Halogen-Metal Exchange Using Continuous Stirred-Tank Reactors,10.1021/acs.oprd.1c00126,CC1OCC(C2SC=C(N)N=2)2C(CSC(NC(C3C=CC=CC=3)=O)=N2)C1
Development of a Scalable Synthetic Route to BMS-986251. Part 1: Synthesis of the Cyclohexane Dicarboxylate Fragment,10.1021/acs.oprd.1c00124,CC1C(C(N2C3C(S(C4C=CC(F)=CC=4)(=O)=O)(C4C(CC3)=CC(C(F)(C(F)(F)F)C(F)(F)F)=CC=4)CC2)=O)CCC(C(O)=O)C1
Streamlined Synthesis of a Bicyclic Amine Moiety Using an Enzymatic Amidation and Identification of a Novel Solid Form,10.1021/acs.oprd.1c00120,CCOC(C(Br)CCC(Br)C(OCC)=O)=O
On-Demand Continuous Manufacturing of Ciprofloxacin in Portable Plug-and-Play Factories: Development of a Highly Efficient Synthesis for Ciprofloxacin,10.1021/acs.oprd.1c00118,CCOC(/C(/C(C1C(F)=CC(F)=C(F)C=1)=O)=C\NC1CC1)=O
"A Review on Synthetic Advances toward the Synthesis of Apremilast, an Anti-inflammatory Drug",10.1021/acs.oprd.1c00107,CCOC1C=C(C(N2C(=O)C3C(=CC=CC=3NC(C)=O)C2=O)CS(C)(=O)=O)C=CC=1OC
"New Scalable Synthetic Routes to <b>ELQ-300</b>, <b>ELQ-316</b>, and Other Antiparasitic Quinolones",10.1021/acs.oprd.1c00099,CC1NC2C(=CC(Cl)=C(OC)C=2)C(=O)C=1C1C=CC(OC2C=CC(OC(F)(F)F)=CC=2)=CC=1
"Development of a Stereoselective Synthesis of (1<i>R</i>,4<i>R</i>)- and (1<i>S</i>,4<i>S</i>)-2-Oxa-5-azabicyclo[2.2.2]octane",10.1021/acs.oprd.1c00098,C1NC2CCC1OC2
Development of Two Synthetic Approaches to an APJ Receptor Agonist Containing a Tetra-<i>ortho-</i>Substituted Biaryl Pyridone,10.1021/acs.oprd.1c00088,CCOCC1NC(=O)C(C2OC(CC3C=CC(Cl)=CN=3)=NN=2)=C(O)C=1C1C(OC)=CC=CC=1OC
"Evaluation, Method Development, and Validation for Content Determination of Potential Genotoxic Impurities (PGIs) at the TTC Level in Telmisartan API",10.1021/acs.oprd.1c00086,CCCC1N(CC2C=CC(C3C=CC=CC=3C(O)=O)=CC=2)C2C(=C(C=C(C3N(C)C4C=CC=CC=4N=3)C=2)C)N=1
Improved Multigram Route to a Tricyclic Key Intermediate for Dibenzosuberone-Based p38 Inhibitors via an Optimized Early-Stage Heck Coupling,10.1021/acs.oprd.1c00081,C1C2C=CC(O)=CC=2C(=O)C2C=CC(Cl)=CC=2C1
Extended Solution-phase Peptide Synthesis Strategy Using Isostearyl-Mixed Anhydride Coupling and a New C-Terminal Silyl Ester-Protecting Group for <i>N</i>-Methylated Cyclic Peptide Production,10.1021/acs.oprd.1c00078,CCC(C(N(C(C(N(C(C(NC(C(NC(C(NC(CCl)=O)CC1C=CC=CC=1)=O)C)=O)CCCCNC(OC(C)(C)C)=O)=O)C)CC(C)C)=O)C)C(OC)CC(N1C(C(NC(C(N)=O)CS[Tl])=O)CCC1)=O)C
Development of the Late-Phase Manufacturing Process of ZPL389: Control of Process Impurities by Enhanced Process Knowledge,10.1021/acs.oprd.1c00077,CNC1CN(C2N=C(N)N=C(NCC3CC3)C=2)CC1
Development of a Safe and Scalable Process for the Production of a High-Purity Thiocarbamate-Based Ionizable Lipid as an Excipient in mRNA-Encapsulating Lipid Nanoparticles,10.1021/acs.oprd.1c00076,CCCCCCCC(OC(CCCN(C(SCCCN(C)C)=O)CCCC(OC(CCCCCCC)CCCCCCC)=O)=O)CCCCCCC
Application of Flow and Biocatalytic Transaminase Technology for the Synthesis of a 1-Oxa-8-azaspiro[4.5]decan-3-amine,10.1021/acs.oprd.1c00075,CC(OC(N1CCC2(OCC(N)C2)CC1)=O)(C)C
Practical and Scalable Manufacturing Process for a Novel Dual-Acting Serotonergic Antidepressant Vilazodone,10.1021/acs.oprd.1c00069,C(CC1C2C(=CC=C(C#N)C=2)NC=1)CCN1CCN(C2C=CC3OC(C(N)=O)=CC=3C=2)CC1
Kilogram-Scale Preparation of an Aminopyrazole Building Block via Copper-Catalyzed Aryl Amidation,10.1021/acs.oprd.1c00066,CN1N=CC(N)=C1
Fully Continuous Flow Synthesis of 3-Chloro-4-oxopentyl Acetate: An Important Intermediate for Vitamin B1,10.1021/acs.oprd.1c00065,CC(OCCC(Cl)C(C)=O)=O
"Synthesis of Rovafovir Etalafenamide (Part I): Active Pharmaceutical Ingredient Process Development, Scale-Up, and Impurity Control Strategy",10.1021/acs.oprd.1c00059,CCOC(C(NP(OC1C=CC=CC=1)(COC1OC(N2C3N=CN=C(N)C=3N=C2)C(F)=C1)=O)C)=O.[K]
"Toward a Practical, Two-Step Process for Molnupiravir: Direct Hydroxamination of Cytidine Followed by Selective Esterification",10.1021/acs.oprd.1c00033,CC(C(OCC1OC(N2C(=O)N=C(NO)C=C2)C(O)C1O)=O)C
Synthesis of Rovafovir Etalafenamide (Part IV): Evolution of the Synthetic Process to the Fluorinated Nucleoside Fragment,10.1021/acs.oprd.1c00026,C1N=C(N)C2N=CN(C3OC(C(O)=O)C(O)C3F)C=2N=1
Highly Efficient and Practical Synthesis of the Key Intermediate of Telmisartan,10.1021/acs.oprd.1c00025,CCCC1NC2C(=C(C=C(C3N(C)C4C(=CC=CC=4)N=3)C=2)C)N=1
Flash Chemistry Approach to Organometallic <i>C</i>-Glycosylation for the Synthesis of Remdesivir,10.1021/acs.oprd.1c00024,CCC(COC(C(NP(OC1C=CC=CC=1)(OCC1OC(C2N3C(C(N)=NC=N3)=CC=2)(C#N)C(O)C1O)=O)C)=O)CC
Copper(II) Lysinate and Pseudoproline Assistance in the Convergent Synthesis of the GLP-1 Receptor Agonists Liraglutide and Semaglutide,10.1021/acs.oprd.1c00021,CCCCCCCCCCCCCCCC(NC(C(OC(C)(C)C)=O)CCC(NCCCCC(NC(OCC1C2C=CC=CC=2C2C=CC=CC1=2)=O)C(O)=O)=O)=O
"Practical Synthesis of (3a<i>R</i>, 9b<i>R</i>)-8-Fluoro-7-(perfluoropropan-2-yl)-9b-(phenylsulfonyl)-2,3,3a,4,5,9b-hexahydro-1<i>H</i>-benzo[e]indole: An Advanced Intermediate to Access the RORγt Inverse Agonist <b>BMT-362265</b>",10.1021/acs.oprd.1c00019,CC1C(C(N2C3C(S(C4C=CC=CC=4)(=O)=O)(C4C(CC3)=CC(C(F)(C(F)(F)F)C(F)(F)F)=C(F)C=4)CC2)=O)CCC(C(O)=O)C1
Use of Lithium Diisopropylamide in Flow: Operability and Safety Challenges Encountered on a Multigram Scale,10.1021/acs.oprd.1c00015,CC(O)(CC1N=CC(Br)=CC=1)C
Development of a One-Step Synthesis of 5-Amino-1<i>H</i>-imidazole-4-carboxamide,10.1021/acs.oprd.1c00013,C1NC(C(N)=O)=C(N)N=1
Process Development of Tacalcitol,10.1021/acs.oprd.1c00010,C[C@H](CC[C@H](C(C)C)O)[C@H]1CC[C@@H]\2[C@@]1(CCC/C2=C\C=C/3\C[C@H](C[C@@H](C3=C)O)O)C
Development of a Robust and Scalable Process for the Large-Scale Preparation of Vadadustat,10.1021/acs.oprd.1c00004,C1C=C(Cl)C=C(C2C=C(O)C(C(NCC(O)=O)=O)=NC=2)C=1
Synthesis of the Lipophilic Amine Tail of Abediterol Enabled by Multiphase Flow Transformations,10.1021/acs.oprd.1c00002,C1C=CC(C(F)(F)COCCCCCCN)=CC=1
Concise and Efficient Synthesis of [6]-Paradol,10.1021/acs.oprd.0c00553,CCCCCCCC(CCC1C=C(OC)C(O)=CC=1)=O
Development and Scale-Up of an Asymmetric Synthesis Process for Alogliptin,10.1021/acs.oprd.0c00544,CN1C(=O)N(CC2C=CC=CC=2C#N)C(N2CC(N)CCC2)=CC1=O
Continuous Flow Process for the Synthesis of Betahistine via Aza-Michael-Type Reaction in Water,10.1021/acs.oprd.0c00543,C1C=CN=C(CCNC)C=1
Route Design to Manufacture: Synthesis of the Heterocyclic Fragment of AZD5718 Using a Non-cryogenic Lithiation-Alkoxycarbonylation Reaction,10.1021/acs.oprd.0c00533,C1NC(=O)C2=C(N)C=NN2C1
"Thermal Risk Analysis Based on Reaction Mechanism: Application to the 2,6-Diaminopyrazine-1-oxide Synthesis Process",10.1021/acs.oprd.0c00529,C(N)1C([N+]([O-])=O)=NC([N+]([O-])=O)=C(N)[N+]=1[O-]
Large Scale Practical Synthesis of Enantiomerically Pure <i>cis</i>-4-Amino-3-fluoro-1-methylpiperidine via Rhodium-Catalyzed Asymmetric Hydrogenation of a Tetrasubstituted Fluoroalkene,10.1021/acs.oprd.0c00525,CN1CC(F)C(N)CC1
"Development of a Synthesis Process for a Novel HCV NS5A Inhibitor, Emitasvir",10.1021/acs.oprd.0c00519,CC(C(NC(OC)=O)C(N1C(C2NC(C3C=CC(C4C=CC(C5C=CC6NC(C7N(C(C(NC(OC)=O)C(C)C)=O)CCC7)=NC=6C=5)=C5C=4C4CC5CC4)=CC=3)=CN=2)CCC1)=O)C
Development of a Robust Scale-Up Synthetic Route for BPR1K871: A Clinical Candidate for the Treatment of Acute Myeloid Leukemia and Solid Tumors,10.1021/acs.oprd.0c00515,CN(CCCOC1C=C2N=CN=C(NCCC3SC(NC(NC4C=CC=C(Cl)C=4)=O)=NC=3)C2=CC=1)C
"Three-Step One-Pot Process of 3-Methyl-5-Benzofuranol from Amine, Aldehydes, and <i>p</i>-Benzoquinone",10.1021/acs.oprd.0c00507,CC1C2C(=CC=C(O)C=2)OC=1
Process Development toward a Pro-Drug of <i>R</i>-Baclofen,10.1021/acs.oprd.0c00491,CC(C(OC(NCC(C1C=CC(Cl)=CC=1)CC(O)=O)=O)OC(C(C)C)=O)C
Development and Implementation of an Aluminum-Promoted Phosphorylation in the Uprifosbuvir Manufacturing Route,10.1021/acs.oprd.0c00487,CC(OC(C(NP(OC1C=CC=CC=1)(OCC1OC(N2C(=O)NC(=O)C=C2)C(Cl)(C)C1O)=O)C)=O)C
Application of C–H Functionalization in the Development of a Concise and Convergent Route to the Phosphatidylinositol-3-kinase Delta Inhibitor Nemiralisib,10.1021/acs.oprd.0c00486,CC(N1CCN(CC2OC(C3C=C(C4C5C=CNC=5C=CC=4)C=C4C=3C=NN4)=NC=2)CC1)C
Palladium-Catalyzed C–O Cross-Coupling as a Replacement for a Mitsunobu Reaction in the Development of an Androgen Receptor Antagonist,10.1021/acs.oprd.0c00484,C1C=C2C(OC3CCC(NC(C4C=CC=C(F)C=4)=O)CC3)=CC=NC2=C(C#N)C=1
Development and Proof of Concept for a Large-Scale Photoredox Additive-Free Minisci Reaction,10.1021/acs.oprd.0c00483,CC1N(C2N=C(C3C=CN=C4C=3C=CN4)N=C(C(S(C)(=O)=N)3CC3)C=2)CCOC1
Development and Scale-Up of an Improved Manufacturing Route to the ATR Inhibitor Ceralasertib,10.1021/acs.oprd.0c00482,CC1N(C2N=C(C3C=CN=C4C=3C=CN4)N=C(C(S(C)(=O)=N)3CC3)C=2)CCOC1
Synthesis of Isotopically Labeled Anti-HIV Nucleoside Islatravir through a One-Pot Biocatalytic Cascade Reaction,10.1021/acs.oprd.0c00476,C#CC1(OC(N2C3N=C(N=C(N)C=3N=C2)F)CC1O)CO
Di-<i>tert</i>-butyl Phosphonate Route to the Antiviral Drug Tenofovir,10.1021/acs.oprd.0c00473,CC(OCP(O)(O)=O)CN1C2N=CN=C(N)C=2N=C1
Development of a Scalable and Sublimation-Free Route to MTAD,10.1021/acs.oprd.0c00470,CN1C(=O)N=NC1=O
Development of a Scalable Method for Manufacturing the Central Core of CD73 Inhibitor AB680,10.1021/acs.oprd.0c00469,C1C(Cl)NC2NN=CC=2C=1Cl
"An Easy, Convenient, and Safe Process for the Synthesis of Lofexidine Hydrochloride",10.1021/acs.oprd.0c00453,CC(OC1C(Cl)=CC=CC=1Cl)C1NCCN=1
Development of a Scalable Synthesis of <i>trans</i>-4-Fluorocyclohexylamine via Directed Hydrogenation,10.1021/acs.oprd.0c00444,C1C(F)CCC(N)C1
Large-Scale Synthesis of Eldecalcitol,10.1021/acs.oprd.0c00436,C[C@H](CCCC(C)(C)O)[C@H]1CC[C@@H]\2[C@@]1(CCC/C2=C\C=C/3\C[C@H]([C@H]([C@@H](C3=C)O)OCCCO)O)C
Synthesis of Rovafovir Etalafenamide (Part III): Evolution of the Synthetic Process to the Phosphonamidate Fragment,10.1021/acs.oprd.0c00428,CCOC(C(NP(OC1C=CC=CC=1)(COC1OC(N2C3C(=C(N=CN=3)N)N=C2)C(F)=C1)=O)C)=O
"Synthesis of Vixotrigine, a Voltage- and Use-Dependent Sodium Channel Blocker. Part 2: Development of a Late-Stage Process",10.1021/acs.oprd.0c00427,C1C=CC(F)=C(COC2C=CC(C3NC(C(N)=O)CC3)=CC=2)C=1
"Process Research and Scale-Up Synthesis of 3-(4-Isobutyl-2-methylphenyl)propanal, a Safe and Uniquely Performing Perfumery Ingredient",10.1021/acs.oprd.0c00421,CC(CC1C=C(C)C(CCC=O)=CC=1)C
Development of a Scalable Negishi Cross-Coupling Process for the Preparation of 2-Chloro-5-(1-(tetrahydro-2<i>H</i>-pyran-2-yl)-1<i>H</i>-pyrazol-5-yl)aniline,10.1021/acs.oprd.0c00414,C1CC(N2N=CC=C2C2C=CC(Cl)=C(N)C=2)OCC1
"Merging Biocatalysis, Flow, and Surfactant Chemistry: Innovative Synthesis of an FXI (Factor XI) Inhibitor",10.1021/acs.oprd.0c00412,CC(C1C=C(C(O)CN2C3C(C(O)=O)=CC=CC=3C=C2)C=C(C2C=CC3OCC(N)C=3C=2)C=1)C
Precise Preparation of a High-Purity Key Intermediate of Tazobactam,10.1021/acs.oprd.0c00407,CC1(S(=O)(=O)C2N(C(C2)=O)C1C(O)=O)CN1N=NC=C1
Precise Preparation of a High-Purity Key Intermediate of Tazobactam,10.1021/acs.oprd.0c00407,CC1(S(=O)C2N(C(C2Br)=O)C1C(OC(C1C=CC=CC=1)C1C=CC=CC=1)=O)C
"Developing a Multistep Continuous Manufacturing Process for (1<i>R</i>,2<i>R</i>)-2-Amino-1-methylcyclopentan-1-ol",10.1021/acs.oprd.0c00405,CC(O)1C(N)CCC1
"Development of a Novel Chemoenzymatic Process for (<i>S</i>)-1-(Pyridin-4-yl)-1,3-propanediol",10.1021/acs.oprd.0c00403,C1C=NC=CC=1C(O)CCO
"Scalable, Telescoped Hydrogenolysis–Enzymatic Decarboxylation Process for the Asymmetric Synthesis of (<i>R</i>)-α-Heteroaryl Propionic Acids",10.1021/acs.oprd.0c00397,CC(C(O)=O)C1C=CC=CC=1
Short Gram-Scale Synthesis of Sulfavant A,10.1021/acs.oprd.0c00393,CCCCCCCCCCCCCCCCCC(OCC(OC(CCCCCCCCCCCCCCCCC)=O)COCC1OC(CS([O-])(=O)=O)C(O)C(O)C1O)=O.[Rb+]
High-Throughput Synthesis of (<i>S</i>)-α-Phellandrene through Three-Step Sequential Continuous-Flow Reactions,10.1021/acs.oprd.0c00391,CC(C1CC=C(C)C=C1)C
"Synthesis of Vixotrigine, a Use-Dependent Sodium Channel Blocker. Part 1: Development of Bulk Supply Routes to Enable Proof of Concept",10.1021/acs.oprd.0c00382,C1C=C(COC2C=CC(C3NC(C(N)=O)CC3)=CC=2)C(F)=CC=1
"Efficient Method for the Synthesis of Amino-1,3-Oxazines from Thioureas",10.1021/acs.oprd.0c00369,CC(F)(F)C1OCC(C2C(F)=CC=C(NC(C3N=CC(C(F)(F)F)=CC=3)=O)C=2)2C1COC(N)=N2
"Efficient Method for the Synthesis of Amino-1,3-Oxazines from Thioureas",10.1021/acs.oprd.0c00369,CC(F)(F)C1OCC(N)(C2C(F)=CC=C(Br)C=2)C1CO
Development of a Nitrene-Type Rearrangement for the Commercial Route of the JAK1 Inhibitor Abrocitinib,10.1021/acs.oprd.0c00366,CCCS(NC1CC(N(C2N=CN=C3C=2C=CN3)C)C1)(=O)=O
"Process Development of Sotagliflozin, a Dual Inhibitor of Sodium–Glucose Cotransporter-1/2 for the Treatment of Diabetes",10.1021/acs.oprd.0c00359,CCOC1C=CC(CC2C(Cl)=CC=C(C3OC(SC)C(O)C(O)C3O)C=2)=CC=1
Development of a Scalable Route for a Highly Polar Heterocyclic Aminocyclopropyl Building Block,10.1021/acs.oprd.0c00358,C1C=NC(C(N)2CC2)=NC=1
"Development of Scalable Synthesis of 5-Butyl-4-(4-methoxyphenyl)-6-phenylpyrimidin-2-amine (WQE-134), a Dual Inhibitor of Nitric Oxide and Prostaglandin E<sub>2</sub> Production",10.1021/acs.oprd.0c00324,CCCCC1C(C2C=CC=CC=2)=NC(N)=NC=1C1C=CC(OC)=CC=1
"Development of a Practical, Biocatalytic Synthesis of <i>tert</i>-Butyl (<i>R</i>)-3-Hydroxyl-5-hexenoate: A Key Intermediate to the Statin Side Chain",10.1021/acs.oprd.0c00320,CC(OC(CC1OC(C)(C)OC(CO)C1)=O)(C)C
Bio- and Chemocatalysis for the Synthesis of Late Stage SAR-Enabling Intermediates for ROMK Inhibitors and MK-7145 for the Treatment of Hypertension and Heart Failure,10.1021/acs.oprd.0c00314,CC1C(C(O)CN2CCN(CC(O)C3C(C)=C4COC(=O)C4=CC=3)CC2)=CC=C2C=1COC2=O
Improvement of the <i>C</i>-glycosylation Step for the Synthesis of Remdesivir,10.1021/acs.oprd.0c00310,C1C=CC(COCC2OC(O)(C3N4C(C(N)=NC=N4)=CC=3)C(OCC3C=CC=CC=3)C2OCC2C=CC=CC=2)=CC=1
"Development of a Commercial Manufacturing Route to 2-Fluoroadenine, The Key Unnatural Nucleobase of Islatravir",10.1021/acs.oprd.0c00304,C1NC2C(=C(N=C(N=2)F)N)N=1
Synthesis of a Crizotinib Intermediate via Highly Efficient Catalytic Hydrogenation in Continuous Flow,10.1021/acs.oprd.0c00302,CC(OC1C=C(C2C=CN(C3CCNCC3)N=2)C=NC=1N)C1C(Cl)=C(F)C=CC=1Cl
Facile Preparation of 4-(4-Nitrophenyl)morpholin-3-one via the Acid-Catalyzed Selective Oxidation of 4-(4-Nitrophenyl)morpholine by Sodium Chlorite as the Sole Oxidant,10.1021/acs.oprd.0c00299,C1C=C(N2C(=O)OC(CNC(C3SC(Cl)=CC=3)=O)C2)C=CC=1N1C(=O)COCC1
Practical and Scalable Manufacturing Process for Plasma Kallikrein Inhibitor ASP5069,10.1021/acs.oprd.0c00291,CCOC1C(OCC(O)=O)=C(CNC2C(C(NC3C=CC(C(N)=N)=CC=3)=O)=CC(Cl)=CC=2)C=C(CN2CCN(C)CC2)C=1
"Use of High-Throughput Tools for Telescoped Continuous Flow Synthesis of an Alkynylnaphthyridine Anticancer Agent, HSN608",10.1021/acs.oprd.0c00289,CN1CCN(CC2C(C(F)(F)F)=CC(NC(C3C=C(C#CC4C=NC(N)=C5C=4C=CC=N5)C=NC=3)=O)=CC=2)CC1
"Development of an Efficient Scale-Up Synthesis Method for a β<sub>3</sub>-Adrenergic Receptor Agonist, Ritobegron Ethyl Hydrochloride",10.1021/acs.oprd.0c00278,CCOC(COC1C=C(C)C(CCNC(C(O)C2C=CC(O)=CC=2)C)=CC=1C)=O
Drug Development through Modification of Small Molecular Drugs with Monodisperse Poly(ethylene glycol)s,10.1021/acs.oprd.0c00273,COCCOCCOCCOCCOCCOCCOCCO[C@H]1CC[C@]2([C@H]3CC4=C5[C@]2([C@H]1OC5=C(C=C4)O)CCN3CC=C)O
Electrochemical Cyclobutane Synthesis in Flow: Scale-Up of a Promising Melt-Castable Energetic Intermediate,10.1021/acs.oprd.0c00270,C1C(CO[N+]([O-])=O)(CO[N+]([O-])=O)C(CO[N+]([O-])=O)(CO[N+]([O-])=O)C1
Kinetic Investigations To Enable Development of a Robust Radical Benzylic Bromination for Commercial Manufacturing of AMG 423 Dihydrochloride Hydrate,10.1021/acs.oprd.0c00256,CC1C=CC(NC(NC2C(F)=C(CN3CCN(C(OC)=O)CC3)C=CC=2)=O)=CN=1
Development of a Large-Scale Route to Glecaprevir: Synthesis of the Side Chain and Final Assembly,10.1021/acs.oprd.0c00245,CC(C1NC(=O)OC2C(CCC2)OC/C=C/C(F)(F)C2C(=NC3C=CC=CC=3N=2)OC2CC(C(NC(C(NS(C3(CC3)C)(=O)=O)=O)3C(C(F)F)C3)=O)N(C2)C1=O)(C)C
Development of a Large-Scale Route to Glecaprevir: Synthesis of the Macrocycle via Intramolecular Etherification,10.1021/acs.oprd.0c00244,CC(C1NC(=O)OC2C(CCC2)OC/C=C/C(F)(F)C2C(=NC3C=CC=CC=3N=2)OC2CC(C(NC(C(NS(C3(CC3)C)(=O)=O)=O)3C(C(F)F)C3)=O)N(C2)C1=O)(C)C
Practical and Efficient Synthesis of 2-Thio-imidazole Derivative—<b>ZY12201</b>: A Potent TGR5 Agonist,10.1021/acs.oprd.0c00234,CC(C1N(C2C=CC(F)=CC=2)C(SCCOC2C=CC(N3C=NC=C3)=CC=2)=NC=1)(C1C=C(OC)C(OC)=CC=1)C
"Quest for a COVID-19 Cure by Repurposing Small-Molecule Drugs: Mechanism of Action, Clinical Development, Synthesis at Scale, and Outlook for Supply",10.1021/acs.oprd.0c00233,C1N(C2OC(COP(OP(OP(O)(O)=O)(O)=O)(O)=O)C(O)C2O)C(=O)C(C(N)=O)=NC=1F
Development of a Scalable Synthesis of the Small Molecule TGFβR1 Inhibitor <b>BMS-986260</b>,10.1021/acs.oprd.0c00232,C1C(C2N=CN(CCO)C=2C2C=CC3N(C(C#N)=CN=3)N=2)=CC(Cl)=C(F)C=1
"Development of a Scalable Synthesis of Mevidalen (LY3154207), an Orally Available Positive Allosteric Modulator of the Human Dopamine D1 Receptor",10.1021/acs.oprd.0c00229,CC1N(C(CC2C(Cl)=CC=CC=2Cl)=O)C(CO)CC2C(CCC(O)(C)C)=CC=CC1=2
"Toward a Scalable Synthesis and Process for EMA401, Part I: Late Stage Process Development, Route Scouting, and ICH M7 Assessment",10.1021/acs.oprd.0c00215,COC1C(OCC2C=CC=CC=2)=C2C(CN(C(C(C3C=CC=CC=3)C3C=CC=CC=3)=O)C(C(O)=O)C2)=CC=1
Practical and Efficient Approach to the Preparation of Diquafosol Tetrasodium,10.1021/acs.oprd.0c00209,OP(OP(OP(OP(OCC1OC(N2C(=O)NC(=O)C=C2)C(O)C1O)(O)=O)(O)=O)(O)=O)(OCC1OC(N2C(=O)NC(=O)C=C2)C(O)C1O)=O
Improved Scale-up Synthesis and Purification of Clinical Asthma Candidate MIDD0301,10.1021/acs.oprd.0c00200,CC1/N=C(/C2C(F)=CC=CC=2)\C2C(=CC=C(Br)C=2)N2C1=C(N=C2)C(O)=O
"Multigram Synthesis of BMS-929075, an Allosteric, Palm Site Inhibitor of HCV NS5B Replicase, Involving the Synthesis of a Highly Functionalized Benzofuran through a Telescoped Process",10.1021/acs.oprd.0c00198,CC1C=CC(C(NC(C2N=CC=CN=2)2CC2)=O)=CC=1C1C(F)=C2C(C(NC)=O)=C(OC2=CC=1)C1C=CC(F)=CC=1
Short and Easily Scalable Synthesis of the Sex Pheromone of the Horse-Chestnut Leaf Miner (<i>Cameraria ohridella</i>) Relying on a Key Ligand- and Additive-Free Iron-Catalyzed Cross-Coupling,10.1021/acs.oprd.0c00191,CC(CCCCCC/C=C/C=C\CCC(C)(C)C)=O
"A Virtual Plant for Integrated Continuous Manufacturing of a Carfilzomib Drug Substance Intermediate, Part 2: Enone Synthesis via a Barbier-Type Grignard Process",10.1021/acs.oprd.0c00188,CC(CC(NC(OC(C)(C)C)=O)C(C(C)=C)=O)C
"A Virtual Plant for Integrated Continuous Manufacturing of a Carfilzomib Drug Substance Intermediate, Part 1: CDI-Promoted Amide Bond Formation",10.1021/acs.oprd.0c00187,CC(CC(NC(OC(C)(C)C)=O)C(C1(OC1)C)=O)C
Optimized Synthesis of 7-Azaindazole by a Diels–Alder Cascade and Associated Process Safety,10.1021/acs.oprd.0c00184,C1C=CC(C2C(I)=CN=C3C=2C(C2CCCCC2)=NN3CC2C=CC=CC=2)=CC=1
Practical and Scalable Synthesis of a Glucokinase Activator via One-Pot Difluorination and Julia Olefination,10.1021/acs.oprd.0c00180,C1C=C(S(C2CC2)(=O)=O)C=CC=1/C(/C(NC1N=CC(OCCO)=NC=1)=O)=C/C1CC(F)C(F)C1
Development of a Large-Scale Cyanation Process Using Continuous Flow Chemistry En Route to the Synthesis of Remdesivir,10.1021/acs.oprd.0c00172,CCC(COC(C(NP(OC1C=CC=CC=1)(OCC1OC(C2N3C(C(N)=NC=N3)=CC=2)(C#N)C(O)C1O)=O)C)=O)CC
"Development of a Zinc-Mediated Approach to a 2,3-<i>cis</i>-Pyrrolidine Arginase Inhibitor",10.1021/acs.oprd.0c00171,C(CB(O)O)CC1C(C(O)=O)NCC1
Preparation of Mono- and Diisocyanates in Flow from Renewable Carboxylic Acids,10.1021/acs.oprd.0c00167,C(=O)=NCN=C=O
Seeking for Selectivity and Efficiency: New Approaches in the Synthesis of Raltegravir,10.1021/acs.oprd.0c00155,CC1OC(C(NC(C2N(C)C(=O)C(O)=C(C(NCC3C=CC(F)=CC=3)=O)N=2)(C)C)=O)=NN=1
A Continuous Flow Sulfuryl Chloride-Based Reaction—Synthesis of a Key Intermediate in a New Route toward Emtricitabine and Lamivudine,10.1021/acs.oprd.0c00146,C1N(C2OC(CO)SC2)C(=O)N=C(N)C=1F
Synthesis of an Oxathiolane Drug Substance Intermediate Guided by Constraint-Driven Innovation,10.1021/acs.oprd.0c00145,C1C(N)=NC(=O)N(C2OC(CO)SC2)C=1
Development and Production of an Enantioselective Tetrahydroisoquinoline Synthesis Enabled by Continuous Cryogenic Lithium–Halogen Exchange,10.1021/acs.oprd.0c00141,CC1N(C(CC2C(Cl)=CC=CC=2Cl)=O)C(CO)CC2C1=CC=CC=2CCC(O)(C)C
"Development of a Scalable and Practical Synthesis of AB928, a Dual A<sub>2a</sub>/A<sub>2b</sub> Receptor Antagonist",10.1021/acs.oprd.0c00124,CC1C(C2C=C(C3N=NN(CC4N=C(C(O)(C)C)C=CC=4)C=3)N=C(N)N=2)=CC=CC=1C#N
Process Development and Large-Scale Synthesis of BTK Inhibitor BIIB068,10.1021/acs.oprd.0c00087,CC(OC1CN(C(NCC2C(C)=CC(C3N=C(NC4C=NN(C)C=4)N=CC=3)=CC=2)=O)C1)C
Continuous-Flow Synthesis of Cationic Lipid SST-01 via Safe and Scalable Aerobic Oxidation and Reductive Amination,10.1021/acs.oprd.0c00084,CCCCC/C=C\C/C=C\CCCCCCCCN(CCCCCCCC/C=C\C/C=C\CCCCC)C
An Economical Route to Lamivudine Featuring a Novel Strategy for Stereospecific Assembly,10.1021/acs.oprd.0c00083,C1C(N)=NC(=O)N(C2OC(CO)SC2)C=1
Large-Scale Practical Synthesis of Boc-Protected 4-Fluoro-<scp>l</scp>-Proline,10.1021/acs.oprd.0c00080,CC(OC(N1C(C(O)=O)CC(F)C1)=O)(C)C
An Efficient Synthesis of Tenofovir (PMPA): A Key Intermediate Leading to Tenofovir-Based HIV Medicines,10.1021/acs.oprd.0c00078,C(N1C2C(=C(N=CN=2)N)N=C1)C(OCP(O)(O)=O)C
Synthesis Development of the Selective Estrogen Receptor Degrader (SERD) LSZ102 from a Suzuki Coupling to a C–H Activation Strategy,10.1021/acs.oprd.0c00076,CC(F)(F)C1C=C(F)C=CC=1C1SC2C=C(O)C=CC=2C=1OC1C=CC(/C=C/C(O)=O)=CC=1
A Safer Synthesis of the Explosive Precursors 4-Aminofurazan-3-Carboxylic Acid and its Ethyl Ester Derivative,10.1021/acs.oprd.0c00068,C(C(O)=O)1C(N)=NON=1
Development of a Scalable and Safer Synthesis of Diazeniumdiolates,10.1021/acs.oprd.0c00067,CC(N/[N+](/[O-])=N\OC1CCN(C2N=CC(C#N)=CC=2)CC1)(C)C
"Photo-oxidation of Cyclopentadiene Using Continuous Processing: Application to the Synthesis of (1<i>R</i>,4<i>S</i>)-4-Hydroxycyclopent-2-en-1-yl Acetate",10.1021/acs.oprd.0c00066,CC(OC1CC(O)C=C1)=O
"Continuous Process Improvement in the Manufacture of Carfilzomib, Part 1: Process Understanding and Improvements in the Commercial Route to Prepare the Epoxyketone Warhead",10.1021/acs.oprd.0c00051,CC(CC(NC(C(NC(C(NC(C(NC(CN1CCOCC1)=O)CCC1C=CC=CC=1)=O)CC(C)C)=O)CC1C=CC=CC=1)=O)C(C1(OC1)C)=O)C
Where Does the Fluorine Come From? A Review on the Challenges Associated with the Synthesis of Organofluorine Compounds,10.1021/acs.oprd.0c00030,CC(NC)(F)C(N(P)C)C#N
"Development of the Convergent, Kilogram-Scale Synthesis of an Antibacterial Clinical Candidate Using Enantioselective Hydrogenation",10.1021/acs.oprd.0c00029,C1C(C#N)=CC2N(C(C=CC=2C=1)=O)CCN1CC(F)C(NCC2N=CC3OCCOC=3C=2)CC1
Development of an Efficient Synthetic Process for Broflanilide,10.1021/acs.oprd.0c00028,CN(C(C1C=CC=CC=1)=O)C1C=CC=C(C(NC2C(C(F)(F)F)=CC(C(F)(C(F)(F)F)C(F)(F)F)=CC=2Br)=O)C=1F
"A Practical Synthesis of the TGFβRI Inhibitor <i>N</i>-(4-(3-(6-(Difluoromethyl)pyridin-2-yl)-1<i>H</i>-pyrrolo[3,2-<i>b</i>]pyridin-2-yl)pyridin-2-yl)acetamide via One-Pot Sequential Sonogashira and Cacchi Reactions Catalyzed by Pd(OAc)<sub>2</sub>/BINAP",10.1021/acs.oprd.0c00015,CC(NC1N=CC=C(C2NC3C=CC=NC=3C=2C2C=CC=C(C(F)F)N=2)C=1)=O
Process Development Overcomes a Challenging Pd-Catalyzed C–N Coupling for the Synthesis of RORc Inhibitor <b>GDC-0022</b>,10.1021/acs.oprd.0c00012,CC1N(CC2C=C(F)C(N3CC4C(N5C=NN=C5)C4C3)=CC=2F)S(=O)(=O)C(C2C=CC=CC=2)CC1
"One-Pot Enzymatic Synthesis of Enantiopure 1,3-Oxathiolanes Using <i>Trichosporon laibachii</i> Lipase and the Kinetic Model",10.1021/acs.oprd.0c00010,CC(OC1OC(COC(C2C=CC=CC=2)=O)SC1)=O
Total Synthesis of (+)-Oxo-tomaymycin,10.1021/acs.oprd.0c00009,C/C=C1/CN2C(C(NC3C(C2=O)=CC(OC)=C(O)C=3)=O)C/1
"Review of Synthetic Routes and Crystalline Forms of the Antiandrogen Oncology Drugs Enzalutamide, Apalutamide, and Darolutamide",10.1021/acs.oprd.0c00005,CC(NC(C1C=C(C(O)C)NN=1)=O)CN1N=C(C2C=C(Cl)C(C#N)=CC=2)C=C1
"Review of Synthetic Routes and Crystalline Forms of the Antiandrogen Oncology Drugs Enzalutamide, Apalutamide, and Darolutamide",10.1021/acs.oprd.0c00005,CC1(N(C2C=C(F)C(C(NC)=O)=CC=2)C(=S)N(C2C=CC(C#N)=C(C(F)(F)F)C=2)C1=O)C
"Review of Synthetic Routes and Crystalline Forms of the Antiandrogen Oncology Drugs Enzalutamide, Apalutamide, and Darolutamide",10.1021/acs.oprd.0c00005,CNC(C1C(F)=CC(N2C3(CCC3)C(=O)N(C3C=NC(C#N)=C(C(F)(F)F)C=3)C2=S)=CC=1)=O
Reiterative Chiral Resolution/Racemization/Recycle (RRR Synthesis) for an Effective and Scalable Process for the Enantioselective Synthesis of a Dual IDO1/TDO2 Inhibitor Imidazoisoindole Derivative,10.1021/acs.oprd.0c00004,C1C=CC2C3N(C(CCC(F)4CCC(S(N)(=O)=O)CC4)C=2C=1)C=NC=3
